Tiempo_s;Distancia_cm;Angulo_deg;Vref_V;Angulo
23.155.887;13,08;-57,94;3,3;32,06
30.377.944;12,4;-59,22;3,3;30,78
30.701.477;12,45;-58,69;3,3;31,31
30.959.867;12,37;-59,39;3,3;30,61
31.255.961;12,03;-58,3;3,3;31,7
31.343.752;12,06;-58,08;3,3;31,92
3.136.951;12,19;-58,21;3,3;31,79
31.383.247;11,97;-58,69;3,3;31,31
31.391.364;12,45;-59,48;3,3;30,52
31.399;12,32;-57,68;3,3;32,32
31.407.335;12,27;-57,11;3,3;32,89
31.416.534;11,1;-57,5;3,3;32,5
31.424.635;11,7;-58,52;3,3;31,48
31.431.991;12,13;-57,59;3,3;32,41
31.439.606;11,31;-57,59;3,3;32,41
31.446.965;11,29;-57,68;3,3;32,32
31.454.453;12,03;-58,08;3,3;31,92
31.462.177;10,92;-57,94;3,3;32,06
31.469.565;11,38;-57,99;3,3;32,01
31.476.732;2,96;-32,76;3,3;57,24
31.484.214;11;-56,23;3,3;33,77
31.491.716;11,06;-55,97;3,3;34,03
31.502.993;10,85;-57,24;3,3;32,76
31.529.867;10,55;-57,15;3,3;32,85
31.538.592;10,67;-57,59;3,3;32,41
31.545.984;10,67;-57,11;3,3;32,89
31.553.195;11,15;-56,71;3,3;33,29
31.560.492;10,37;-57,11;3,3;32,89
31.567.665;10,98;-55,48;3,3;34,52
31.574.788;11,04;-56,41;3,3;33,59
31.582.073;10,05;-55,83;3,3;34,17
31.590.144;10,44;-56,63;3,3;33,37
31.597.548;10,18;-57,46;3,3;32,54
31.604.791;10,12;-56,54;3,3;33,46
31.614.242;10,42;-56,41;3,3;33,59
31.629.766;10,15;-55,97;3,3;34,03
31.637.194;9,95;-55,13;3,3;34,87
31.644.662;9,64;-56,36;3,3;33,64
31.651.837;9,4;-56,1;3,3;33,9
31.658.941;9,84;-55,66;3,3;34,34
31.666.384;9,31;-56,45;3,3;33,55
31.673.794;9,42;-56,45;3,3;33,55
3.168.141;9,6;-55,48;3,3;34,52
31.688.944;9,28;-55,57;3,3;34,43
31.696.455;9,6;-31,79;3,3;58,21
31.704.575;2,96;-31,57;3,3;58,43
3.171.338;9,2;-56,93;3,3;33,07
31.721.524;2,96;-54,56;3,3;35,44
31.729.446;8,97;-54,74;3,3;35,26
31.736.855;9,33;-56,76;3,3;33,24
31.744.288;9,7;-55,83;3,3;34,17
31.751.581;9,39;-56,67;3,3;33,33
31.758.726;8,95;-55,57;3,3;34,43
31.766.058;9,11;-56,36;3,3;33,64
31.773.139;8,86;-55,75;0;34,25
31.790.853;9,17;-55,35;0;34,65
31.798.258;8,88;-55,92;0;34,08
31.805.403;9,05;-55;0;35
31.812.708;8,6;-55,04;0;34,96
31.819.774;8,77;-54,25;0;35,75
31.827.025;8,84;-55,31;0;34,69
31.834.292;8,45;-54,43;0;35,57
31.841.339;8,84;-54,38;0;35,62
31.848.675;8,7;-53,9;0;36,1
31.855.746;8,68;-53,15;0;36,85
31.864.008;8,71;-53,15;0;36,85
31.878.484;8,45;-53,15;0;36,85
3.188.586;8,97;-52,19;0;37,81
31.893.261;8,97;-52,05;0;37,95
31.900.338;9,06;-51,35;0;38,65
31.907.402;9,17;-28,14;0;61,86
31.914.687;9,1;-52,45;0;37,55
31.921.744;8,85;-51,75;0;38,25
31.928.989;5,05;-50,78;0,59;39,22
31.936.273;9,57;-50,34;0;39,66
31.944.558;9,03;-50,43;0;39,57
31.952.206;9,28;-49,02;0;40,98
31.959.361;9,25;-50,34;0;39,66
31.966.546;9,13;-50,38;0;39,62
31.973.967;9,67;-50,56;0;39,44
31.981.073;9,18;-50,56;0;39,44
31.988.133;9,68;-52,05;0;37,95
31.995.555;9,8;-50,34;0;39,66
32.003.411;10,1;-50,6;0;39,4
32.010.465;9,82;-49,94;0;40,06
32.017.905;10,16;-48,93;0;41,07
32.026.836;9,27;-50,91;0;39,09
32.045.166;9,64;-51,09;0;38,91
32.053.034;10,27;-49,64;0;40,36
32.060.551;10,25;-49,94;0;40,06
32.067.843;9,76;-50,34;0;39,66
32.075.107;9,82;-50,03;0;39,97
32.082.333;10,16;-50,34;0;39,66
32.089.374;10,41;-50,78;0;39,22
32.096.828;10,2;-50,74;0;39,26
32.103.902;10,65;-50,34;0;39,66
32.112.014;10,17;-51,44;0;38,56
32.126.358;10,79;-51,22;0;38,78
32.133.758;5,35;-27,83;0,55;62,17
32.141.547;5,58;-51;0,57;39
32.148.834;10,71;-50,87;0;39,13
32.156.109;10,73;-50,91;0;39,09
3.216.344;10,39;-51,44;0;38,56
32.170.549;10,67;-51,04;0;38,96
32.177.608;10,7;-51,88;0;38,12
32.184.909;11,11;-51,75;0;38,25
32.192.121;10,67;-51,92;0;38,08
32.200.569;10,79;-52,41;0;37,59
32.209.835;10,96;-53,06;0;36,94
3.221.833;11,04;-51,88;0;38,12
32.225.541;11;-52,89;0;37,11
32.232.872;11,15;-52,67;0;37,33
32.240.176;11,25;-53,55;0;36,45
32.247.263;11,6;-51,48;0;38,52
3.225.435;12,24;-52,45;0;37,55
32.261.632;11,97;-52,71;0;37,29
32.270.794;11,33;-52,05;0;37,95
32.289.218;11,97;-52,45;0;37,55
32.297.879;11,46;-51,97;0;38,03
3.230.529;12,87;-53,46;0;36,54
3.231.238;12,19;-52,49;0;37,51
32.319.447;12,18;-53,15;0;36,85
3.232.671;11,85;-53,02;0,04;36,98
32.333.777;5,95;-29,24;0;60,76
32.341.074;5,95;-30,08;0,54;59,92
32.348.166;13,02;-53,64;0;36,36
32.355.498;12,74;-54,08;0;35,92
32.364.462;12,23;-53,15;0,01;36,85
32.372.702;12,46;-53,37;0;36,63
32.380.106;12,18;-53,55;0;36,45
32.387.264;12,5;-54,69;0;35,31
32.394.542;12,98;-54,3;0;35,7
32.401.785;12,89;-53,2;0;36,8
32.408.872;12,81;-54,03;0;35,97
32.415.909;12,74;-53,2;0;36,8
32.423.141;13,11;-53,15;0;36,85
32.430.191;13,56;-54,38;0;35,62
32.442.599;13,53;-54,25;0;35,75
32.457.918;13,36;-54,3;0;35,7
32.465.676;14,12;-54,3;0;35,7
32.473.298;13,68;-53,28;0;36,72
32.480.902;13,31;-55;0;35
32.488.015;13,81;-54,43;0;35,57
32.497.954;13,89;-54,87;0;35,13
32.505.632;13,92;-53,28;0;36,72
32.513.347;13,86;-53,99;0;36,01
32.523.671;14,29;-53,28;0;36,72
32.542.187;13,45;-54,65;0;35,35
3.255.044;13,86;-54,56;0,01;35,44
32.557.735;6,52;-30,52;0;59,48
32.564.801;13,81;-55,75;0;34,25
32.571.808;14,96;-54,16;0;35,84
32.578.991;13,65;-54,65;0,54;35,35
32.586.027;14,14;-55,26;0,07;34,74
32.593.262;15;-54,52;3,3;35,48
3.260.637;14,14;-55;3,3;35
32.620.589;14,65;-53,9;3,3;36,1
32.627.996;15,35;-54,47;3,3;35,53
32.635.332;15,8;-54,34;3,3;35,66
32.642.447;14,68;-55,04;3,3;34,96
32.649.473;15,61;-56,41;3,3;33,59
32.656.709;15,17;-55,04;3,3;34,96
32.664.008;14,85;-55,79;3,3;34,21
32.671.268;15,29;-56,67;3,3;33,33
32.678.732;16,01;-56,8;3,3;33,2
32.686.085;15,31;-57,24;3,3;32,76
32.693.276;15,25;-57,77;3,3;32,23
32.700.332;15,51;-58,65;3,3;31,35
32.707.309;15,41;-57,86;3,3;32,14
32.714.478;15,19;-58,6;3,3;31,4
32.721.589;14,96;-60,23;3,3;29,77
32.729.047;15,43;-60,1;3,3;29,9
32.736.242;14,4;-59,39;3,3;30,61
32.743.316;15,71;-59,48;3,3;30,52
32.750.348;14,68;-35,57;3,3;54,43
32.758.921;2,96;-35,53;3,3;54,47
32.774.543;13,86;-60,05;3,3;29,95
32.781.794;2,96;-59,88;3,3;30,12
32.788.908;13,27;-61,55;3,3;28,45
32.796.148;14,63;-61,2;3,3;28,8
3.280.342;13,86;-61,81;3,3;28,19
32.810.511;14,63;-61,55;3,3;28,45
32.817.751;14,59;-61,28;3,3;28,72
32.824.853;13,17;-60,93;3,3;29,07
32.831.888;13,65;-61,11;3,3;28,89
32.839.109;13,57;-58,78;3,3;31,22
3.284.616;13,18;-59,44;3,3;30,56
32.854.652;12,99;-60,49;3,3;29,51
32.870.213;13,54;-60,41;3,3;29,59
32.877.581;12,74;-58,87;3,3;31,13
32.884.839;12,46;-59,88;3,3;30,12
32.891.869;13,75;-59,26;3,3;30,74
32.898.893;13,36;-58,87;3,3;31,13
32.906.066;13,22;-59,92;3,3;30,08
32.913.081;13,14;-59,7;3,3;30,3
3.292.006;12,69;-60,23;3,3;29,77
32.928.331;12,55;-58,78;3,3;31,22
32.943.331;12,36;-60,19;3,3;29,81
32.950.492;12,46;-58,65;3,3;31,35
3.295.775;11,66;-58,47;3,3;31,53
32.964.822;12,46;-35,57;3,3;54,43
32.971.878;12,04;-59,31;3,3;30,69
32.979.091;13,4;-58,95;3,3;31,05
32.986.101;2,96;-57,99;3,3;32,01
32.993.117;11,64;-58,08;3,3;31,92
33.000.594;11,71;-58,6;3,3;31,4
33.007.666;12,06;-58,08;3,3;31,92
33.015.457;11,83;-57,37;3,3;32,63
33.022.612;12,09;-57,68;3,3;32,32
33.030.114;12,06;-57,5;3,3;32,5
33.037.606;11,86;-57,77;3,3;32,23
33.045.326;11,18;-57,15;3,3;32,85
33.053.201;11,84;-56,76;3,3;33,24
33.060.762;11,79;-58,78;3,3;31,22
33.068.055;11,39;-58,08;3,3;31,92
33.075.328;11,42;-59,92;3,3;30,08
33.082.935;11,2;-57,37;3,3;32,63
33.091.123;11,2;-57,46;3,3;32,54
33.106.327;10,85;-57,37;3,3;32,63
33.113.457;10,99;-56,76;3,3;33,24
33.120.705;10,37;-57,42;3,3;32,58
33.127.758;11,1;-57,37;3,3;32,63
33.134.822;10,76;-57,42;3,3;32,58
3.314.197;10,67;-57,33;3,3;32,67
33.148.993;11,27;-56,05;3,3;33,95
33.155.967;10,01;-57,06;3,3;32,94
33.163.263;10,62;-32,76;3,3;57,24
33.170.229;10,68;-57,06;3,3;32,94
3.317.863;2,96;-32,45;3,3;57,55
33.191.992;2,96;-55,75;3,3;34,25
33.199.259;10,25;-57,06;3,3;32,94
33.206.606;10,45;-56,58;3,3;33,42
33.213.594;10,53;-55,57;3,3;34,43
33.220.588;10,31;-56,49;3,3;33,51
33.227.757;10,06;-55,48;3,3;34,52
3.323.499;10,22;-56,98;3,3;33,02
33.242.553;9,68;-57,2;3,3;32,8
33.250.152;10,29;-55,09;3,3;34,91
33.257.668;9,77;-56,23;3,3;33,77
33.265.049;9,64;-56,01;3,3;33,99
33.272.108;9,67;-56,63;3,3;33,37
33.279.727;9,99;-56,36;3,3;33,64
33.287.335;9,5;-55,97;3,3;34,03
3.329.509;9,41;-55,79;3,3;34,21
33.302.216;9,76;-56,19;3,3;33,81
33.309.534;9,53;-55,22;3,3;34,78
33.317.029;8,88;-55,39;3,3;34,61
33.324.348;9,71;-55,17;3,3;34,83
33.332.006;9,57;-55,09;3,3;34,91
33.340.824;9,34;-56,05;3,3;33,95
3.335.576;9,54;-55,22;3,3;34,78
33.362.892;9,33;-56,01;3,3;33,99
33.370.211;9,03;-57,33;3,3;32,67
33.377.263;8,91;-55,13;3,3;34,87
33.384.319;5;-32,01;0,51;57,99
33.391.699;8,6;-56,41;0;33,59
33.399.149;8,91;-55,22;0;34,78
33.406.404;8,32;-55,97;0,17;34,03
33.414.139;8,78;-55,97;0;34,03
33.423.135;8,68;-54,56;0;35,44
3.343.694;8,6;-54,65;0;35,35
3.344.639;8,72;-53,55;0;36,45
33.455.878;8,47;-53,15;0,01;36,85
33.464.929;8,57;-53,15;0;36,85
33.475.151;8,92;-51,97;0;38,03
33.482.611;8,56;-52,71;0;37,29
33.490.047;8,7;-52,76;0;37,24
33.499.309;8,63;-52,41;0;37,59
33.511.662;8,94;-52,71;0;37,29
3.352.765;8,88;-51,17;0;38,83
33.535.566;8,99;-51,61;0;38,39
33.544.823;8,92;-50,34;0;39,66
33.552.098;9,06;-51,53;0;38,47
33.559.488;8,99;-50,34;0;39,66
33.566.677;9,33;-49,86;0;40,14
3.357.378;9,68;-50,43;0;39,57
33.582.473;8,67;-49,59;0;40,41
33.597.552;9,51;-49,86;0;40,14
33.604.746;9,33;-49,72;0;40,28
33.614.557;5,31;-26,74;0;63,26
33.623.398;5,09;-26,47;0,4;63,53
33.632.306;9,43;-49,59;0;40,41
33.642.846;7,78;-49,55;0,58;40,45
33.650.441;9,93;-50,52;0,42;39,48
33.658.366;9,17;-51,44;0;38,56
33.665.667;9,6;-48,36;0;41,64
33.672.861;9,95;-49,72;0;40,28
33.679.844;9,82;-50,95;0;39,05
33.686.829;9,74;-51,09;0;38,91
33.695.073;9,76;-50,38;0;39,62
33.702.175;9,59;-51,09;0;38,91
3.370.963;9,98;-51,17;0;38,83
3.371.687;9,92;-51;0;39
33.724.182;9,84;-50,34;0;39,66
33.731.337;10,12;-50,38;0;39,62
33.739.571;9,92;-52,49;0;37,51
33.759.862;10,28;-50,91;0;39,09
3.377.185;10,7;-53,33;0;36,67
33.783.927;9,9;-52,54;0;37,46
33.795.262;9,85;-51,75;0;38,25
3.380.709;10,61;-51,88;0;38,12
33.820.773;10,32;-51,75;0;38,25
33.833.702;10,45;-51,44;0;38,56
33.841.162;10,83;-53,11;0;36,89
33.848.407;11,21;-29,64;0;60,36
33.855.642;6,06;-28,98;0;61,02
33.862.688;10,79;-53,11;0;36,89
33.870.043;10,79;-51,35;0;38,65
33.877.191;8,2;-52,32;0,54;37,68
33.884.155;11,32;-52,36;0;37,64
3.389.111;11,78;-51,26;0,04;38,74
33.898.379;11,16;-51,83;0;38,17
33.906.025;11,35;-53,06;0;36,94
33.923.826;11,15;-52,63;0;37,37
33.931.165;11,6;-51,97;0;38,03
33.938.258;11,28;-53,55;0;36,45
33.945.726;11,65;-52,67;0;37,33
33.952.721;11,42;-53,11;0;36,89
33.959.655;11,61;-53,11;0;36,89
33.966.814;12,03;-53,24;0;36,76
33.973.774;11,25;-52,05;0;37,95
33.981.273;11,99;-54,38;0;35,62
33.989.496;11,87;-53,24;0;36,76
34.004.491;12,74;-53,11;0;36,89
34.014.686;11,44;-52,45;0;37,55
340.254;12,7;-52,45;0;37,55
34.035.374;12,4;-53,15;0;36,85
34.045.732;12,58;-53,15;0;36,85
34.056.315;12,85;-53,15;0;36,85
34.065.464;13,05;-53,42;0;36,58
34.074.491;12,02;-30,16;0;59,84
34.092.693;12,46;-54,52;0;35,48
34.103.178;12,92;-52,89;0;37,11
34.114.709;6,08;-50,43;0,58;39,57
34.126.096;7,91;-55,26;0,57;34,74
34.136.231;13,46;-53,59;0;36,41
34.146.544;13,6;-54,43;0;35,57
34.157.613;13,39;-55,04;0;34,96
34.165.374;13,78;-54,34;0,07;35,66
34.172.996;13,14;-54,56;0;35,44
34.180.334;13,36;-54,25;0;35,75
34.187.528;13,81;-54,95;0;35,05
34.194.897;13,75;-53,42;0;36,58
34.202.165;13,27;-54,34;0;35,66
3.420.919;14,38;-55,44;0;34,56
3.421.616;13,17;-54,12;0;35,88
34.223.376;13,21;-54,03;0;35,97
34.230.377;15,02;-55,09;0;34,91
34.239.151;14,74;-55,44;0;34,56
34.257.013;15,29;-53,9;0;36,1
34.264.709;15,23;-54,47;0;35,53
34.272.096;15,04;-53,99;0;36,01
34.279.129;13,65;-57,99;0;32,01
34.286.123;14,14;-57,28;0;32,72
34.293.316;13,97;-54,43;3,3;35,57
34.300.294;14,68;-54,52;3,3;35,48
34.307.294;14,79;-31,75;3,3;58,25
34.314.546;16,16;-55,53;3,3;34,47
34.321.611;2,96;-31,22;3,3;58,78
34.338.642;2,96;-48,1;3,3;41,9
34.346.419;15,07;-55,39;3,3;34,61
34.353.519;15,39;-56,19;3,3;33,81
34.360.751;14,96;-54,34;3,3;35,66
34.367.959;14,88;-56,93;3,3;33,07
34.374.968;15,67;-57,28;3,3;32,72
34.381.907;14,4;-57,06;3,3;32,94
34.389.087;14,87;-57,37;3,3;32,63
34.396.046;15,55;-58,69;3,3;31,31
34.412.255;14,29;-58,82;3,3;31,18
34.427.726;13,65;-58,87;3,3;31,13
34.435.246;15,49;-58,82;3,3;31,18
34.442.566;14,83;-59,61;3,3;30,39
34.449.586;15;-59,79;3,3;30,21
34.456.738;14,21;-58,56;3,3;31,44
34.464.086;13,81;-59,04;3,3;30,96
34.471.304;15,11;-59,92;3,3;30,08
34.478.299;14,04;-60,49;3,3;29,51
34.486.314;14,21;-60,45;3,3;29,55
34.500.658;13,94;-61,06;3,3;28,94
34.507.985;14,17;-61,72;3,3;28,28
34.515.472;14,77;-59,75;3,3;30,25
34.522.548;14,11;-60,93;3,3;29,07
34.529.602;13,6;-60,98;3,3;29,02
34.536.923;14,36;-60,1;3,3;29,9
34.543.999;2,96;-35,31;3,3;54,69
34.551.257;13,11;-60,98;3,3;29,02
34.559.021;12,69;-60,93;3,3;29,07
34.568.428;13,57;-59,44;3,3;30,56
34.589.116;13,39;-59,48;3,3;30,52
34.597.169;13,34;-60,93;3,3;29,07
34.607.673;12,22;-59,35;3,3;30,65
34.620.254;12,7;-59,31;3,3;30,69
34.632.456;13,51;-58,91;3,3;31,09
34.645.099;12,89;-59,7;3,3;30,3
34.657.992;12,53;-58,78;3,3;31,22
34.670.903;12,34;-59,97;3,3;30,03
34.683.771;12,19;-58,47;3,3;31,53
3.469.616;12,5;-60,05;3,3;29,95
34.708.688;12,98;-57,99;3,3;32,01
34.721.482;12,96;-59,44;3,3;30,56
34.733.891;12,07;-57,77;3,3;32,23
34.756.808;12,17;-58,95;3,3;31,05
34.768.881;12,5;-57,5;3,3;32,5
34.776.969;12,81;-58,82;3,3;31,18
34.787.407;11,86;-59,04;3,3;30,96
34.797.476;12,45;-58,16;3,3;31,84
34.807.562;11,64;-58,08;3,3;31,92
34.819.072;11,61;-57,37;3,3;32,63
3.483.323;11,03;-60,23;3,3;29,77
34.845.742;7,12;-33,46;3,3;56,54
34.857.167;2,96;-33,46;3,3;56,54
34.869.474;11,49;-58,08;3,3;31,92
34.883.674;2,96;-58,78;3,3;31,22
34.911.573;11,43;-58,03;3,3;31,97
34.927.076;11,31;-57,42;3,3;32,58
34.939.032;10,67;-56,1;3,3;33,9
3.495.048;11,47;-56,71;3,3;33,29
34.964.298;10,79;-57,24;3,3;32,76
34.979.254;11,65;-57,81;3,3;32,19
34.990.187;10,51;-56,67;3,3;33,33
35.000.188;10,61;-56,93;3,3;33,07
35.010.167;10,91;-57,37;3,3;32,63
35.020.818;10,72;-56,89;3,3;33,11
35.029.456;11,35;-55,35;3,3;34,65
3.503.929;10,41;-56,8;3,3;33,2
35.057.272;10,41;-57,24;3,3;32,76
35.066.717;10,1;-57,42;3,3;32,58
35.074.183;10,09;-55,35;3,3;34,65
35.081.221;10,54;-56,8;3,3;33,2
3.508.837;10,88;-56,23;3,3;33,77
35.095.356;9,79;-55,83;3,3;34,17
35.102.281;10,23;-56,1;3,3;33,9
35.109.357;9,36;-57,28;3,3;32,72
35.116.321;10;-56,76;3,3;33,24
35.123.187;9,92;-55,75;3,3;34,25
35.130.235;7,6;-32,71;3,3;57,29
35.137.102;9,71;-55,13;3,3;34,87
3.514.508;9,86;-56,63;3,3;33,37
35.152.222;2,96;-57,15;3,3;32,85
35.159.166;9,81;-55,22;3,3;34,78
35.166.035;9,78;-56,45;3,3;33,55
35.173.092;9,44;-56,63;3,3;33,37
35.179.962;10,06;-56,23;3,3;33,77
35.186.871;9,68;-55,26;3,3;34,74
35.193.923;9,25;-56,32;3,3;33,68
35.200.794;9,7;-56,41;3,3;33,59
35.207.659;9,11;-55,75;3,3;34,25
35.214.725;9,37;-56,32;3,3;33,68
35.221.591;9,33;-54,95;3,3;35,05
35.244.574;8,68;-55,57;3,3;34,43
35.253.228;9,2;-55,17;3,3;34,83
35.260.557;9,1;-56,67;3,3;33,33
35.267.548;8,81;-56,71;3,3;33,29
35.274.725;8,87;-56,27;3,3;33,73
35.281.594;8,87;-55,53;0;34,47
35.288.655;8,65;-55,26;0;34,74
35.295.625;8,45;-55,83;0;34,17
35.302.578;8,69;-55,44;0;34,56
35.310.849;8,54;-55,26;0;34,74
35.317.801;8,37;-55,97;0;34,03
35.324.653;8,28;-37,5;0;52,5
35.349.985;8,49;-30,52;0;59,48
35.433.018;8,53;-53,46;0;36,54
3.545.144;4,95;-34,87;0,49;55,13
35.459.513;4,93;-53,99;0,57;36,01
35.467.048;8,57;-53,37;0;36,63
35.475.983;8,59;-52,32;0;37,68
35.489.645;8,53;-53,15;0;36,85
3.549.683;8,55;-52,14;0;37,86
35.504.857;8,73;-51,75;0;38,25
35.515.027;8,7;-50,03;0;39,97
35.526.106;8,91;-50,47;0;39,53
35.536.885;9,2;-51;0;39
35.548.022;8,98;-51,13;0;38,87
35.557.157;9,14;-50,25;0;39,75
3.556.468;9,41;-50,21;0;39,79
35.571.789;9,01;-50,56;0;39,44
35.578.837;8,89;-49,15;0;40,85
35.586.105;9,25;-49,64;0;40,36
35.593.153;9,33;-50,69;0;39,31
3.560.022;8,9;-50,34;0;39,66
35.607.526;9,25;-48,93;0;41,07
35.614.609;9,26;-49,06;0;40,94
35.621.607;9,64;-50,78;0;39,22
35.628.803;9,75;-50,12;0;39,88
35.637.346;9,6;-49,64;0;40,36
35.652.157;9,51;-42,69;0;47,31
35.659.405;9,68;-50,21;0;39,79
35.666.655;9,61;-50,74;0;39,26
3.567.388;5,16;-26,82;0,54;63,18
35.680.927;9,71;-50,47;0;39,53
35.688.105;10,09;-49,9;0;40,1
35.695.131;10,01;-50,34;0;39,66
35.704.131;10,31;-51,04;0;38,96
35.715.692;9,83;-51,48;0;38,52
35.737.292;10,1;-51,79;0;38,21
35.747.512;10,37;-50,91;0;39,09
35.755.544;10,05;-50,16;0;39,84
35.763.229;10,88;-51,26;0;38,74
35.773.107;10,03;-51,79;0;38,21
35.783.259;10,04;-50,34;0,12;39,66
35.793.996;10,32;-51,97;0;38,03
35.804.867;10,31;-51,35;0;38,65
35.825.976;10,83;-51,04;0;38,96
35.837.935;10,41;-52,98;0;37,02
35.850.166;10,41;-52,45;0;37,55
35.861.177;10,67;-52,71;0;37,29
35.872.469;10,67;-51,97;0;38,03
35.888.202;11,03;-51,7;0;38,3
35.909.285;10,99;-52,01;0;37,99
35.916.978;10,8;-52,45;0;37,55
35.924.525;10,37;-51,57;0;38,43
35.931.596;10,98;-52,41;0;37,59
35.939.208;11,42;-52,27;0;37,73
35.948.606;5,55;-28,58;0;61,42
35.955.954;5,69;-28,98;0,57;61,02
35.963.154;11,39;-53,2;0;36,8
35.970.926;10,77;-53,55;0,61;36,45
35.978.598;11,68;-52,98;0,02;37,02
35.986.093;11,69;-51,88;0;38,12
35.993.514;10,99;-53,06;0;36,94
36.000.955;11,85;-53,02;0;36,98
36.008.535;11,14;-52,67;0;37,33
360.167;11,87;-53,15;0;36,85
3.602.894;11,68;-53,06;0;36,94
36.043.461;11,83;-53,94;0;36,06
36.066.338;12,42;-53,15;0;36,85
36.077.759;12,09;-53,2;0;36,8
36.085.371;12,89;-52,71;0;37,29
36.093.581;12,49;-53,11;0;36,89
36.106.562;12,07;-53,2;0;36,8
36.114.826;12,4;-53,59;0;36,41
36.124.109;13,6;-53,46;0;36,54
3.613.174;12,53;-54,56;0;35,44
36.139.919;12,8;-53,2;0;36,8
36.147.402;12,46;-53,28;0;36,72
36.154.846;13,08;-54,56;0;35,44
36.162.859;13,11;-53,59;0;36,41
36.170.327;12,8;-53,06;0;36,94
3.617.803;13,09;-30,87;0;59,13
36.185.443;6,16;-30,12;0;59,88
36.192.669;12,81;-54,87;0;35,13
36.200.801;13,28;-54,56;0;35,44
36.208.559;13,2;-53,72;0,59;36,28
36.221.567;13,65;-55,35;0;34,65
36.237.386;13,34;-54,56;0;35,44
36.247.839;14,38;-54,95;0;35,05
36.260.756;13,62;-54,65;0;35,35
36.273.893;13,36;-54,12;0;35,88
36.284.328;13,86;-54,34;0;35,66
36.292.285;13,22;-55,88;0;34,12
36.300.632;14,7;-54,08;0;35,92
36.316.626;14,36;-54,87;0;35,13
36.324.176;13,56;-54,6;0;35,4
36.331.525;14,57;-54,08;3,3;35,92
363.386;15,49;-54,47;3,3;35,53
36.345.623;14,4;-54,25;3,3;35,75
36.353.099;14,88;-53,81;3,3;36,19
36.360.116;14,68;-53,68;3,3;36,32
36.367.061;14,4;-55,13;3,3;34,87
36.377.075;15,11;-54,95;3,3;35,05
36.386.459;15,57;-55,53;3,3;34,47
4.003.294;16,25;-55,57;3,3;34,43
40.534.254;14,9;-56,63;3,3;33,37
40.539.971;14,85;-56,54;3,3;33,46
40.545.039;14,98;-32,93;3,3;57,07
40.549.655;15,49;-58,43;3,3;31,57
40.554.192;14,29;-58,52;3,3;31,48
40.558.736;2,96;-57,81;3,3;32,19
40.563.376;12,77;-58,82;3,3;31,18
40.567.888;13,64;-57,59;3,3;32,41
4.057.238;14,56;-58,52;3,3;31,48
40.576.829;14,63;-59,66;3,3;30,34
40.582.165;13,39;-58,74;3,3;31,26
40.588.033;14,57;-60,19;3,3;29,81
40.592.685;14,92;-60,23;3,3;29,77
40.597.233;13,57;-59,66;3,3;30,34
40.601.932;13,37;-60,93;3,3;29,07
40.606.436;13,75;-60,14;3,3;29,86
40.610.916;13,37;-58,74;3,3;31,26
40.615.519;12,81;-60,23;3,3;29,77
40.620.327;14,16;-60,93;3,3;29,07
40.624.789;13,59;-59,22;3,3;30,78
40.629.449;13,09;-58,87;3,3;31,13
40.633.905;13,62;-60,14;3,3;29,86
40.638.481;12,42;-59,97;3,3;30,03
40.644.754;12,49;-60,93;3,3;29,07
40.650.137;13,91;-60,93;3,3;29,07
40.654.823;13,86;-60,19;3,3;29,81
40.659.499;13,17;-59,7;3,3;30,3
40.663.992;13,08;-60,05;3,3;29,95
40.668.435;13,31;-36,01;3,3;53,99
40.672.846;12,98;-61,02;3,3;28,98
40.677.302;2,96;-34,12;3,3;55,88
40.681.883;2,96;-58,78;3,3;31,22
40.686.301;11,92;-57,59;3,3;32,41
4.069.071;12,12;-58,87;3,3;31,13
40.695.325;12,09;-58,78;3,3;31,22
40.699.872;12,27;-58,21;3,3;31,79
40.704.515;12,5;-59,39;3,3;30,61
40.708.928;12,01;-59;3,3;31
40.713.499;11,66;-58,91;3,3;31,09
40.718.088;11,91;-57,94;3,3;32,06
40.722.671;12,45;-58,56;3,3;31,44
40.727.232;11,32;-58,08;3,3;31,92
40.732.646;11,79;-58,38;3,3;31,62
40.737.024;11,68;-58,3;3,3;31,7
40.741.738;11,98;-58,74;3,3;31,26
40.746.319;11,86;-56,89;3,3;33,11
40.750.723;11,31;-58,52;3,3;31,48
40.755.243;11,56;-58,38;3,3;31,62
40.759.762;10,75;-58,08;3,3;31,92
40.764.181;11,31;-58,56;3,3;31,44
40.768.573;10,98;-57,86;3,3;32,14
40.772.968;11,32;-57,72;3,3;32,28
40.777.362;11,31;-58,03;3,3;31,97
40.781.893;10,83;-58,08;3,3;31,92
40.786.272;10,6;-57,42;3,3;32,58
4.079.068;10,78;-57,15;3,3;32,85
40.795.064;2,96;-31,04;3,3;58,96
40.799.795;10,98;-57,42;3,3;32,58
408.049;10,33;-57,59;3,3;32,41
40.809.955;10,75;-55,97;3,3;34,03
40.814.352;10,68;-56,63;3,3;33,37
40.819.217;10,15;-56,45;3,3;33,55
40.823.627;10,53;-56,98;3,3;33,02
40.828.028;10,11;-56,01;3,3;33,99
40.832.402;10,53;-57,46;3,3;32,54
40.836.773;10,16;-57,94;3,3;32,06
40.841.329;10,52;-56,19;3,3;33,81
40.845.927;9,59;-55,97;3,3;34,03
408.503;9,84;-56,41;3,3;33,59
40.854.672;9,6;-56,67;3,3;33,33
40.859.247;9,57;-55,97;3,3;34,03
40.863.622;9,99;-57,06;3,3;32,94
40.867.998;10,09;-57,99;3,3;32,01
40.872.389;9,57;-55,39;3,3;34,61
40.876.761;10,1;-55,57;3,3;34,43
40.881.298;9,88;-57,11;3,3;32,89
40.885.673;9,57;-55,88;3,3;34,12
40.890.907;9,38;-55,66;3,3;34,34
40.898.003;9,33;-55,17;3,3;34,83
40.902.877;9,79;-56,01;3,3;33,99
4.090.733;9,6;-56,85;3,3;33,15
40.911.749;4,89;-32,05;3,3;57,95
40.916.125;2,96;-31,44;3,3;58,56
40.920.613;8,69;-55,13;3,3;34,87
40.924.975;4,24;-56,23;3,3;33,77
40.929.307;8,99;-56,54;3,3;33,46
40.933.641;8,97;-55,31;3,3;34,69
4.093.798;8,95;-56,05;3,3;33,95
40.942.443;9,03;-55,75;3,3;34,25
40.946.758;8,87;-54,95;3,3;35,05
40.951.238;8,83;-56,05;3,3;33,95
40.955.546;8,81;-55,97;0;34,03
4.096.017;8,76;-55,39;0;34,61
40.964.508;8,71;-55,26;0;34,74
40.969.039;8,58;-56,1;0;33,9
40.973.604;8,59;-55;0;35
40.977.957;8,44;-55,04;0;34,96
40.982.453;8,45;-54,43;0;35,57
40.986.768;8,07;-55,44;0;34,56
40.991.112;8,6;-55,31;0;34,69
40.995.646;8,2;-52,67;0;37,33
41.000.122;8,67;-53,55;0;36,45
41.004.475;8,46;-51,75;0;38,25
41.008.791;8,39;-51,44;0;38,56
41.013.122;8,77;-51,61;0;38,39
41.017.457;8,47;-52,41;0;37,59
41.034.099;8,79;-50,34;0;39,66
41.040.192;5,58;-27,44;0;62,56
4.104.619;8,77;-51;0;39
41.054.323;8,79;-50,74;0;39,26
41.066.197;5,97;-49,68;0,58;40,32
4.107.211;8,89;-50,65;0;39,35
41.077.969;8,65;-50,38;0;39,62
41.084.198;8,64;-49,72;0;40,28
41.089.972;8,88;-49,46;0,03;40,54
41.095.784;9,12;-50,56;0;39,44
41.101.908;9,28;-49,77;0;40,23
41.108.125;8,82;-49,59;0;40,41
41.114.159;9,03;-50,38;0;39,62
41.120.099;9,22;-49,77;0;40,23
41.126.074;9,35;-48,98;0;41,02
41.132.088;9,37;-50,52;0,01;39,48
41.137.882;9,22;-50,47;0;39,53
41.143.881;9,55;-50,34;0;39,66
41.149.628;9,45;-49,24;0;40,76
41.155.336;9,5;-50,16;0;39,84
41.161.199;9,84;-50,3;0;39,7
41.166.946;9,85;-50,91;0;39,09
41.172.718;9,77;-50,87;0;39,13
41.178.426;9,57;-52,19;0;37,81
41.184.358;10,04;-50,82;0;39,18
41.190.123;9,95;-50,56;0;39,44
4.119.603;9,83;-28,58;0;61,42
4.120.187;6,72;-27,79;0;62,21
41.207.604;9,82;-51,17;0;38,83
41.216.654;5,45;-45,28;0,59;44,72
41.229.682;5,43;-52,45;0,6;37,55
4.123.552;10,63;-51,97;0;38,03
41.241.362;10,29;-52,01;0;37,99
41.247.714;10,67;-51,75;0;38,25
41.254.022;10,04;-50,91;0;39,09
41.259.786;10,23;-52,67;0;37,33
41.265.752;10,87;-51,79;0;38,21
41.272.555;11,32;-51,83;0;38,17
41.557.488;10,76;-52,93;0;37,07
41.562.891;10,37;-51,66;0;38,34
41.567.272;10,98;-52,41;0;37,59
41.571.509;10,67;-53,11;0;36,89
4.157.572;10,64;-51,75;0;38,25
41.580.735;10,62;-52,49;0;37,51
41.585.314;10,83;-52,45;0;37,55
4.158.965;10,88;-51,83;0;38,17
41.593.926;11,09;-52,98;0;37,02
41.598.334;11,47;-51,53;0;38,47
41.602.567;11,33;-52,71;0;37,29
4.160.837;11,08;-53,15;0;36,85
41.645.817;11,25;-53,11;0;36,89
41.651.704;11,87;-52,23;0;37,77
41.656.099;11,8;-32,54;0;57,46
41.660.606;11,86;-53,15;0;36,85
41.664.897;11,57;-53,15;0;36,85
41.669.188;5,95;-41,77;0,58;48,23
41.673.473;12,02;-51,66;0;38,34
41.677.886;12,34;-53,9;0;36,1
4.168.231;12,87;-52,32;0;37,68
41.686.691;13,21;-53,59;0;36,41
41.690.928;13,21;-53,37;0;36,63
41.695.112;12,06;-54,3;0;35,7
41.699.442;12,47;-53,24;0;36,76
41.703.843;12,38;-54,56;0;35,44
4.170.823;12,12;-54,34;0;35,66
41.712.642;12,51;-54,74;0;35,26
41.717.187;12,87;-54,34;0;35,66
41.721.582;12,82;-54,34;0;35,66
41.725.965;12,89;-53,68;0;36,32
41.730.155;12,34;-54,69;0;35,31
41.734.502;12,53;-53,9;0;36,1
41.738.839;13,51;-55,04;0;34,96
41.743.043;13,53;-54,08;0;35,92
41.747.224;13,6;-53,24;0;36,76
41.751.527;12,84;-53,2;0;36,8
41.758.383;13,31;-54,34;0;35,66
41.762.744;12,91;-55,04;0;34,96
41.767.005;13,86;-53,24;0;36,76
41.771.255;13,53;-53,94;0;36,06
41.775.511;13,86;-53,28;0;36,72
41.779.888;6,29;-30,6;0;59,4
41.784.092;6,2;-40,19;0,55;49,81
41.788.289;14,01;-53,81;0;36,19
41.792.673;13,45;-54,56;0,59;35,44
41.796.852;14,65;-54,65;0;35,35
41.801.197;14,41;-53,99;3,3;36,01
4.180.538;14,5;-53,5;3,3;36,5
41.809.531;14,41;-52,54;3,3;37,46
41.813.716;14,38;-54,43;3,3;35,57
41.818.028;14,79;-55,26;3,3;34,74
41.822.211;14,98;-54,69;3,3;35,31
41.826.387;16,23;-55,97;3,3;34,03
41.830.541;15,39;-55,53;3,3;34,47
4.183.472;16,01;-56,01;3,3;33,99
41.839.065;13,91;-56,19;3,3;33,81
41.843.282;15,19;-57,33;3,3;32,67
41.847.613;14,48;-56,93;3,3;33,07
41.852.512;14,14;-57,99;3,3;32,01
41.856.722;14,38;-57,5;3,3;32,5
41.861.245;15,09;-59,09;3,3;30,91
41.865.439;14,47;-58,82;3,3;31,18
41.869.749;15,47;-58,6;3,3;31,4
41.873.969;14,5;-59,97;3,3;30,03
41.878.288;13,7;-59,35;3,3;30,65
41.882.491;14,19;-59,48;3,3;30,52
41.886.662;10,95;-34,74;3,3;55,26
41.890.849;2,96;-34,65;3,3;55,35
41.895.008;13,25;-58,82;3,3;31,18
41.899.378;13,56;-59,53;3,3;30,47
41.903.486;13,36;-59,53;3,3;30,47
41.907.582;13,22;-58,78;3,3;31,22
4.191.171;13,76;-59,88;3,3;30,12
41.915.862;13,2;-60,32;3,3;29,68
41.920.131;13,08;-61,15;3,3;28,85
41.924.246;13,4;-60,93;3,3;29,07
41.928.729;13,62;-61,37;3,3;28,63
41.933.644;12,8;-59,7;3,3;30,3
41.940.391;13,31;-60,19;3,3;29,81
41.944.948;13,54;-59,7;3,3;30,3
41.949.168;12,71;-60,41;3,3;29,59
41.953.582;12,99;-59,22;3,3;30,78
41.958.003;12,8;-58,87;3,3;31,13
41.962.229;11,9;-59,97;3,3;30,03
41.966.676;12,07;-59,44;3,3;30,56
41.970.804;11,76;-59,39;3,3;30,61
41.974.935;12,18;-59,35;3,3;30,65
4.197.929;12,07;-58,91;3,3;31,09
41.985.076;12,81;-59,92;3,3;30,08
41.990.653;12,03;-59;3,3;31
4.199.571;11,93;-58,69;3,3;31,31
42.000.106;11,92;-55,97;3,3;34,03
42.004.545;11,98;-33,77;3,3;56,23
42.008.744;11,98;-58,95;3,3;31,05
42.012.955;11,73;-58,38;3,3;31,62
42.017.614;2,96;-58,16;3,3;31,84
42.022.399;12,06;-58,65;3,3;31,35
42.026.919;11,56;-58,47;3,3;31,53
42.031.198;11,37;-57,9;3,3;32,1
42.035.338;11,52;-59,75;3,3;30,25
42.039.795;10,98;-57,46;3,3;32,54
42.053.106;11,3;-57,59;3,3;32,41
42.059.055;10,84;-57,68;3,3;32,32
42.064.651;11,09;-58,08;3,3;31,92
42.070.984;10,43;-58,95;3,3;31,05
42.076.604;11,33;-58,08;3,3;31,92
42.082.229;10,2;-58,08;3,3;31,92
42.087.981;11,03;-58,34;3,3;31,66
42.093.583;11,1;-57,42;3,3;32,58
4.209.987;10,67;-57,94;3,3;32,06
42.105.625;10,6;-56,41;3,3;33,59
42.111.402;11,11;-57,33;3,3;32,67
42.117.402;10,66;-57,28;3,3;32,72
42.123.159;10,25;-55,88;3,3;34,12
42.129.128;10,37;-57,59;3,3;32,41
42.134.716;10,13;-57,42;3,3;32,58
42.140.291;10,36;-56,76;3,3;33,24
42.145.867;10,41;-50,21;3,3;39,79
42.151.652;9,82;-32,45;3,3;57,55
42.157.195;9,57;-56,1;3,3;33,9
42.162.741;2,96;-31,83;3,3;58,17
42.168.411;2,96;-57,81;3,3;32,19
42.173.911;9,84;-55,39;3,3;34,61
4.218.004;9,86;-56,89;3,3;33,11
42.193.815;9,8;-55,26;3,3;34,74
42.199.631;9,45;-56,8;3,3;33,2
42.205.286;9,65;-55;3,3;35
42.211.032;9,92;-54,65;3,3;35,35
42.216.601;9,62;-56,45;3,3;33,55
4.222.219;9,13;-55,79;3,3;34,21
42.227.905;9,38;-56,1;3,3;33,9
42.233.481;9,67;-56,23;3,3;33,77
42.238.944;9,41;-55,48;3,3;34,52
42.244.464;9,46;-56,1;3,3;33,9
42.250.128;9,26;-56,01;3,3;33,99
42.255.683;9,16;-55,26;3,3;34,74
42.291.287;8,97;-57,37;3,3;32,63
42.300.125;9,23;-55,75;3,3;34,25
42.306.327;9,02;-54,74;3,3;35,26
4.231.212;8,91;-56,1;3,3;33,9
42.318.236;8,95;-56,27;3,3;33,73
42.325.857;8,88;-55,17;3,3;34,83
42.332.354;8,78;-55,61;3,3;34,39
42.337.925;8,64;-55,92;3,3;34,08
42.344.084;8,47;-55,97;3,3;34,03
42.357.153;8,81;-55,57;3,3;34,43
42.363.077;4,92;-31,61;0,52;58,39
42.490.996;8,38;-55,97;0;34,03
42.505.499;8,27;-55,66;0;34,34
42.516.127;8,63;-55,44;0;34,56
42.533.938;8,38;-54,95;0;35,05
42.542.627;8,69;-55,88;0;34,12
42.548.539;8,79;-54,65;0,04;35,35
42.554.098;8,69;-54,52;0;35,48
42.608.931;8,35;-53,11;0;36,89
42.622.534;8,36;-54,3;0;35,7
42.691.247;8,41;-52,98;0;37,02
42.842.468;8,5;-52,01;0;37,99
42.858.355;8,45;-52,49;0;37,51
42.864.555;8,5;-51,97;0;38,03
43.011.081;8,47;-52,36;0;37,64
43.030.293;8,48;-51,61;0;38,39
43.037.095;8,38;-51,17;0;38,83
43.042.771;8,7;-50,82;0;39,18
4.315.899;8,47;-50,21;0;39,79
43.176.723;8,54;-51,44;0;38,56
43.188.266;9,16;-54,38;0;35,62
43.251.871;8,79;-49,55;0;40,45
4.326.837;8,85;-49,2;0;40,8
43.336.646;8,88;-50,6;0;39,4
43.440.771;8,94;-49,9;0;40,1
43.837.219;5,08;-26,82;0;63,18
44.300.089;4,92;-26,69;0,53;63,31
44.306.029;9,11;-49,15;0;40,85
44.311.965;8,36;-50,3;0,59;39,7
44.318.001;9,3;-49,81;0,17;40,19
44.322.899;8,86;-49,33;0;40,67
44.330.103;9,31;-50,78;0;39,22
44.335.394;9,03;-49,33;0;40,67
44.341.575;9,33;-50,56;0;39,44
44.346.509;9,64;-51,09;0;38,91
44.351.259;9,17;-50,34;0;39,66
44.355.284;9,68;-50,69;0;39,31
44.360.442;9,71;-50,6;0;39,4
4.436.835;9,88;-50,65;0;39,35
44.375.556;9,79;-50,95;0;39,05
44.381.732;9,81;-51,44;0;38,56
44.388.947;9,89;-50,74;0;39,26
44.395.259;10;-51,26;0;38,74
44.400.081;9,57;-51,75;0;38,25
44.487.643;9,67;-51,31;0;38,69
44.496.453;9,83;-51,75;0;38,25
44.502.657;10,33;-52,67;0;37,33
44.588.179;10,25;-51,53;0;38,47
44.594.719;9,94;-50,95;0;39,05
44.749.948;10,3;-51,88;0;38,12
44.966.091;10,16;-52,45;0;37,55
4.497.453;5,58;-27,92;0;62,08
44.981.108;10,68;-52,89;0;37,11
44.988.685;11,09;-53,11;0;36,89
44.993.084;8,28;-53,02;0,6;36,98
4.499.733;9,83;-52,93;0;37,07
45.076.513;10,46;-52,71;0;37,29
450.841;10,53;-52,1;0;37,9
45.089.511;10,98;-52,41;0;37,59
45.228.813;10,38;-52,23;0;37,77
45.235.077;10,8;-53,2;0;36,8
45.240.754;10,99;-52,58;0;37,42
45.387.063;10,96;-51,88;0;38,12
45.392.506;11,18;-52,45;0;37,55
45.396.767;11,21;-53,42;0;36,58
45.550.143;10,4;-53,2;0;36,8
45.858.972;11,49;-52,36;0;37,64
45.863.961;10,96;-52,54;0;37,46
45.867.814;10,95;-53,86;0;36,14
45.872.556;11,48;-53,2;0;36,8
45.876.387;11,39;-53,68;0;36,32
45.880.143;11,51;-53,55;0;36,45
45.883.888;11,32;-54,08;0;35,92
45.903.607;11,32;-52,67;0;37,33
45.908.683;12,08;-53,15;0;36,85
45.913.011;12,03;-53,59;0;36,41
46.061.001;11,76;-29,11;0;60,89
46.067.941;6,72;-29,28;0;60,72
46.072.267;12,96;-53,9;0;36,1
46.239.692;5,95;-49,81;0,55;40,19
46.245.033;6,92;-53,02;0,6;36,98
46.249.033;12,37;-52,01;0;37,99
46.308.456;12,25;-53,46;0,04;36,54
4.631.231;12,82;-53,77;0;36,23
46.469.217;12,24;-54,74;0;35,26
46.672.256;13,14;-54,21;0;35,79
46.681.709;12,95;-53,55;0;36,45
46.686.895;12,87;-54,34;0;35,66
46.691.538;13,05;-53,77;0;36,23
46.695.815;12,37;-53,81;0;36,19
46.700.312;13,31;-53,81;0;36,19
46.802.744;13,02;-53,33;0;36,67
46.809.366;14,45;-54,3;0;35,7
46.814.573;13,65;-53,15;0;36,85
46.883.133;13,96;-53,81;0;36,19
4.704.787;14,04;-54,65;0;35,35
47.053.187;13,45;-53,55;0;36,45
47.057.181;13,76;-54,56;0;35,44
47.289.825;14,12;-54,56;0;35,44
4.762.993;13,83;-54,21;0;35,79
47.635.057;14,7;-54,12;3,3;35,88
47.638.847;14,47;-54,82;3,3;35,18
47.642.608;15,04;-31,88;3,3;58,12
47.647.263;14,19;-55,22;3,3;34,78
47.651.336;14,59;-54,08;3,3;35,92
47.655.063;2,96;-45,2;3,3;44,8
47.658.758;14,04;-55,66;3,3;34,34
47.662.451;13,36;-57,37;3,3;32,63
47.666.124;13,86;-57,37;3,3;32,63
47.669.945;14,43;-56,23;3,3;33,77
47.712.266;15,35;-56,63;3,3;33,37
47.720.071;14,14;-56,36;3,3;33,64
47.871.425;14,38;-56,89;3,3;33,11
4.787.926;13,86;-57,77;3,3;32,23
47.884.697;15;-59,22;3,3;30,78
48.033.943;14,22;-59,17;3,3;30,83
4.803.959;14,85;-59,39;3,3;30,61
48.043.453;13,86;-58,12;3,3;31,88
481.884;14,12;-59,57;3,3;30,43
48.395.693;13,36;-61,2;3,3;28,8
4.840.074;13,6;-59,31;3,3;30,69
48.408.053;13,76;-60,1;3,3;29,9
48.413.339;14,12;-59,22;3,3;30,78
48.417.463;14,01;-60,98;3,3;29,02
48.421.968;13,92;-59,39;3,3;30,61
4.842.572;13,57;-60,41;3,3;29,59
48.519.994;13,64;-60,98;3,3;29,02
48.528.693;13,36;-60,05;3,3;29,95
48.607.432;13,22;-60,19;3,3;29,81
48.618.442;12,28;-60,23;3,3;29,77
48.747.053;2,96;-35,26;3,3;54,74
48.755.537;2,96;-40,54;3,3;49,46
48.853.566;13,04;-59,66;3,3;30,34
48.858.959;13,36;-60,41;3,3;29,59
48.862.775;12,4;-60,36;3,3;29,64
48.934.418;12,81;-60,01;3,3;29,99
49.182.362;13,21;-60,27;3,3;29,73
49.187.669;13,08;-61,59;3,3;28,41
49.264.812;12,88;-58,38;3,3;31,62
49.272.068;12,74;-59,09;3,3;30,91
49.277.106;12,02;-59,53;3,3;30,47
49.280.864;12,42;-61,72;3,3;28,28
49.296.309;11,69;-60,19;3,3;29,81
49.351.181;12,07;-57,81;3,3;32,19
49.356.037;11,85;-58,52;3,3;31,48
49.509.712;11,97;-58,65;3,3;31,35
49.515.185;11,44;-58,74;3,3;31,26
49.519.045;11,37;-56,63;3,3;33,37
49.587.261;12,06;-59,57;3,3;30,43
49.758.699;11,65;-58,12;3,3;31,88
49.997.379;11,69;-58,65;3,3;31,35
50.004.933;11,32;-58,87;3,3;31,13
50.011.942;11,15;-58,43;3,3;31,57
50.018.532;11,45;-58,16;3,3;31,84
50.026.559;11,47;-58,12;3,3;31,88
50.034.419;9,79;-35,17;3,3;54,83
50.039.419;2,96;-33,99;3,3;56,01
50.081.896;10,76;-58,91;3,3;31,09
5.009.201;10,97;-58,87;3,3;31,13
5.016.777;11,14;-58,25;3,3;31,75
50.175.467;10,53;-57,77;3,3;32,23
50.326.152;10,64;-58,08;3,3;31,92
50.331.667;10,41;-57,37;3,3;32,63
50.335.591;10,69;-58,82;3,3;31,18
50.572.963;10,79;-57,2;3,3;32,8
50.961.115;11,09;-56,89;3,3;33,11
50.966.197;10,67;-57,28;3,3;32,72
50.969.914;9,84;-59;3,3;31
50.975.714;10,53;-57,33;3,3;32,67
50.982.726;10,25;-56,54;3,3;33,46
5.098.879;9,86;-57,28;3,3;32,72
50.994.506;10,28;-56,01;3,3;33,99
50.998.286;10,14;-57,28;3,3;32,72
51.002.151;9,79;-55,66;3,3;34,34
51.006.079;9,71;-56,98;3,3;33,02
51.010.606;9,83;-55,75;3,3;34,25
51.014.869;9,45;-56,63;3,3;33,37
51.152.942;9,78;-56,89;3,3;33,11
51.160.323;9,95;-57,37;3,3;32,63
51.166.058;9,69;-55,35;3,3;34,65
51.172.293;9,25;-55,79;3,3;34,21
51.312.786;9,44;-31,31;3,3;58,69
51.319.849;9,47;-58,03;3,3;31,97
51.323.469;8,92;-56,19;3,3;33,81
51.550.137;2,96;-55,92;3,3;34,08
5.176.869;9,1;-56,36;3,3;33,64
51.776.989;9,4;-56,01;3,3;33,99
51.783.854;8,67;-56,36;3,3;33,64
51.789.275;9,2;-55,97;3,3;34,03
51.794.241;8,77;-55,53;3,3;34,47
51.798.129;9,01;-54,65;3,3;35,35
51.803.537;9,05;-55,39;3,3;34,61
51.809.498;8,75;-56,27;3,3;33,73
51.814.283;8,58;-56,27;3,3;33,73
51.977.278;8,59;-56,76;3,3;33,24
51.983.121;8,88;-54,25;3,3;35,75
51.988.473;8,65;-55,04;3,3;34,96
52.135.682;8,56;-55,88;3,3;34,12
52.140.574;8,67;-55,97;3,3;34,03
52.144.575;8,63;-56,49;3,3;33,51
52.374.598;8,47;-56,19;0,08;33,81
52.665.556;8,65;-56,05;0;33,95
52.672.172;8,49;-56,14;0;33,86
52.675.696;8,31;-54,43;0;35,57
52.679.084;8,2;-54,95;0;35,05
52.683.258;8,2;-55,48;0;34,52
52.686.593;8,2;-47,44;0;42,56
52.690.425;8,07;-31,83;0;58,17
52.700.202;8,34;-54,56;0;35,44
52.703.934;4,81;-30,03;0,54;59,97
52.707.237;4,84;-51,97;0,6;38,03
52.710.486;8,24;-53,06;0;36,94
52.793.595;8,54;-53,15;0;36,85
52.955.824;7,96;-52,05;0;37,95
52.964.576;8,63;-51,83;0;38,17
52.971.874;8,2;-50,47;0;39,53
52.978.998;8,61;-50,6;0;39,4
53.117.859;8,72;-50,74;0;39,26
53.122.792;8,55;-50,25;0;39,75
53.126.121;8,38;-51;0;39
53.198.473;8,67;-49,55;0;40,45
53.383.767;8,49;-50,08;0;39,92
53.388.751;8,71;-50,38;0;39,62
53.438.229;8,58;-50,3;0;39,7
5.344.294;8,38;-50,65;0;39,35
53.446.857;8,56;-49,64;0;40,36
5.368.146;8,57;-48,36;0;41,64
53.686.392;8,99;-50,12;0;39,88
53.690.341;9,05;-50,12;0;39,88
53.694.566;9,06;-49,37;0;40,63
53.698.018;9,1;-50,21;0;39,79
53.779.754;8,5;-50,6;0;39,4
53.783.472;9,47;-49,37;0;40,63
54.026.581;9,12;-49,55;0;40,45
54.250.915;9,19;-50,56;0;39,44
54.255.977;5,11;-26,65;0,53;63,35
54.259.388;9,39;-50,21;0;39,79
54.262.681;9,27;-50,56;0;39,44
54.267.136;9,71;-51,09;0;38,91
54.271.355;9,71;-50,65;0;39,35
54.351.884;9,79;-50,56;0;39,44
54.357.219;9,81;-51,75;0;38,25
54.360.739;9,41;-50,74;0;39,26
54.364.038;9,78;-49,86;0;40,14
54.367.345;9,9;-50,74;0;39,26
54.434.104;9,65;-52,67;0;37,33
54.596.366;9,6;-51,48;0;38,52
54.601.325;10,29;-50,43;0;39,57
54.604.785;10,04;-52,45;0;37,55
54.842.103;10,29;-51,61;0;38,39
55.035.461;10,17;-52,54;0,09;37,46
55.041.219;10,31;-52,93;0;37,07
55.044.943;10,52;-50,56;0;39,44
55.048.303;10,37;-52,32;0;37,68
55.052.447;10,09;-52,41;0;37,59
55.055.759;11,25;-54,08;0,03;35,92
55.058.978;10,09;-52,45;0;37,55
55.062.171;9,95;-53,59;0;36,41
55.090.341;9,8;-53,72;0;36,28
55.334.645;10,1;-52,54;0;37,46
55.339.592;5,5;-29,72;0;60,28
55.343.111;5,47;-29,33;0,5;60,67
55.346.606;11,48;-52,19;0;37,81
55.349.935;10,04;-53,15;0,57;36,85
55.423.057;11,43;-52,36;0,07;37,64
5.542.752;11,29;-51,79;0;38,21
55.667.616;11,01;-52,76;0;37,24
55.947.799;10,87;-52,49;0;37,51
5.595.792;11,17;-53,72;0;36,28
55.962.391;11,71;-53,42;0;36,58
55.967.532;10,88;-53,94;0;36,06
55.973.146;11,36;-53,86;0;36,14
55.976.502;11,33;-52,93;0;37,07
55.999.444;11,71;-53,24;0;36,76
5.600.344;11,22;-53,46;0;36,54
56.006.833;11,35;-53,28;0;36,72
56.010.078;11,93;-53,81;0;36,19
56.079.142;12,41;-53,15;0;36,85
5.608.505;12,45;-53,9;0;36,1
56.245.223;11,84;-54,3;0;35,7
5.625.214;12,46;-54,47;0;35,53
56.257.232;12,07;-53,28;0;36,72
56.328.399;13,21;-54,34;0;35,66
56.333.292;12,91;-53,81;0;36,19
56.494.637;12,8;-53,33;0;36,67
56.688.756;13,25;-54,03;0;35,97
56.693.401;6,26;-29,37;0;60,63
56.732.715;13,18;-54,78;0;35,22
5.673.619;13,12;-54,25;0;35,75
56.739.699;10,6;-54,08;0,54;35,92
56.743.109;13,34;-53,64;0;36,36
56.746.407;12,76;-53,06;0;36,94
56.898.485;13,75;-54,3;0;35,7
5.690.428;13,18;-55,22;0;34,78
56.908.594;13,81;-53,42;0;36,58
56.913.326;13,08;-53,9;0;36,1
57.065.824;13,67;-54,16;0;35,84
57.070.652;13,64;-54,82;0;35,18
57.074.231;13,5;-54,52;0;35,48
57.212.995;13,46;-54,3;0;35,7
57.462.208;13,81;-52,67;3,3;37,33
57.469.518;14,28;-54,3;3,3;35,7
57.474.105;14,56;-55,31;3,3;34,69
57.477.634;13,62;-54,87;3,3;35,13
57.481.269;14,7;-54,3;3,3;35,7
57.537.334;13,97;-54,78;3,3;35,22
57.543.527;13,65;-56,1;3,3;33,9
57.548.663;15,05;-55,13;3,3;34,87
57.617.738;13,27;-55,26;3,3;34,74
57.625.341;14,31;-55,88;3,3;34,12
57.719.921;14,28;-57,37;3,3;32,63
57.724.273;14,57;-33,06;3,3;56,94
57.962.475;4,48;-32,27;3,3;57,73
58.163.096;13,45;-58,08;3,3;31,92
58.168.871;2,96;-56,67;3,3;33,33
58.172.275;5,89;-59,04;3,3;30,96
58.175.887;13,86;-59;3,3;31
58.179.966;14,22;-58,56;3,3;31,44
58.183.716;14,04;-59,79;3,3;30,21
58.187.022;13,71;-60,23;3,3;29,77
58.208.932;13,62;-61,81;3,3;28,19
58.212.914;13,62;-59,35;3,3;30,65
58.293.598;13,36;-59,75;3,3;30,25
58.451.204;13,62;-59,17;3,3;30,83
58.455.861;12,91;-60,32;3,3;29,68
5.845.922;13,02;-59,75;3,3;30,25
58.462.687;12,5;-61,9;3,3;28,1
58.538.846;12,69;-60,19;3,3;29,81
58.628.104;12,92;-59,88;3,3;30,12
58.632.444;12,42;-60,23;3,3;29,77
58.783.605;13,25;-61,06;3,3;28,94
59.032.307;12,45;-60,36;3,3;29,64
59.037.378;12,94;-59,22;3,3;30,78
5.904.195;12,49;-60,19;3,3;29,81
59.045.603;12,46;-59,35;3,3;30,65
5.904.965;12,38;-59,53;3,3;30,47
59.053.295;11,86;-60,93;3,3;29,07
59.110.304;12,82;-36,27;3,3;53,73
59.115.211;12,23;-59,35;3,3;30,65
59.119.048;11,73;-60,19;3,3;29,81
59.196.163;2,96;-55,22;3,3;34,78
59.203.814;11,98;-58,91;3,3;31,09
59.354.066;11,91;-58,74;3,3;31,26
5.935.877;11,81;-58,78;3,3;31,22
59.362.301;11,03;-58,08;3,3;31,92
5.943.786;11,89;-58,56;3,3;31,44
59.599.204;11,46;-57,68;3,3;32,32
59.790.769;11,63;-58,91;3,3;31,09
59.796.265;11,24;-59,92;3,3;30,08
5.980.105;11,13;-58,08;3,3;31,92
59.805.461;11,24;-58,87;3,3;31,13
59.808.803;10,72;-58,3;3,3;31,7
5.981.203;11,16;-58,78;3,3;31,22
5.984.998;11,2;-58,82;3,3;31,18
59.853.495;10,66;-57,77;3,3;32,23
59.932.059;10,97;-59,22;3,3;30,78
60.089.373;10,75;-57,59;3,3;32,41
60.094.339;10,73;-59,17;3,3;30,83
60.097.748;10,88;-58,34;3,3;31,66
60.178.699;10,95;-58,65;3,3;31,35
60.182.135;10,37;-57,99;3,3;32,01
60.262.845;10,71;-57,46;3,3;32,54
60.266.957;10,53;-56,54;3,3;33,46
60.423.937;10,45;-57,33;3,3;32,67
60.683.508;9,92;-56,63;3,3;33,37
60.691.715;2,96;-33,24;3,3;56,76
60.696.519;2,96;-49,55;3,3;40,45
60.701.343;10,07;-56,63;3,3;33,37
60.706.429;10,32;-56,8;3,3;33,2
60.746.197;9,98;-56,8;3,3;33,2
60.752.028;9,73;-54,78;3,3;35,22
60.755.854;9,98;-57,59;3,3;32,41
60.836.724;9,89;-55,53;3,3;34,47
60.841.491;9,33;-56,1;3,3;33,9
60.995.021;9,32;-57,06;3,3;32,94
61.001.605;9,51;-55,66;3,3;34,34
61.006.459;9,38;-55,7;3,3;34,3
61.074.669;9,61;-56,36;3,3;33,64
61.078.295;9,38;-55,26;3,3;34,74
61.233.115;9,29;-55,48;3,3;34,52
61.436.403;8,86;-58,12;3,3;31,88
61.441.615;9,3;-56,27;3,3;33,73
61.445.806;9,22;-55,17;3,3;34,83
61.449.161;9,44;-56,41;3,3;33,59
61.452.809;9,22;-57,28;3,3;32,72
61.456.112;9,29;-55,35;3,3;34,65
61.493.584;8,85;-55,88;3,3;34,12
61.576.575;9,15;-55,48;3,3;34,52
61.582.138;8,65;-55,75;3,3;34,25
61.735.801;8,67;-55,35;3,3;34,65
61.742.623;5,63;-31,79;3,3;58,21
6.174.759;2,96;-31,88;3,3;58,12
61.822.717;8,75;-56,32;3,3;33,68
61.829.689;8,39;-54,82;3,3;35,18
61.904.371;8,39;-56,23;3,3;33,77
6.191.075;8,47;-55,53;3,3;34,47
62.062.121;8,35;-56,1;3,3;33,9
62.421.926;8,47;-56,41;3,3;33,59
62.426.453;8,25;-55,53;3,3;34,47
62.430.598;8;-54,74;3,3;35,26
62.434.196;8,47;-56,36;0;33,64
62.437.647;8,38;-55,88;0;34,12
6.244.097;7,93;-54,95;0;35,05
62.444.274;8,48;-55,04;0;34,96
6.244.759;8,2;-56,01;0;33,99
62.479.069;8,08;-54,69;0;35,31
6.248.388;8,37;-55,17;0;34,83
62.639.208;8,36;-55,22;0;34,78
62.647.293;7,94;-52,71;0;37,29
62.651.223;8,2;-54,08;0;35,92
62.791.581;8,4;-52,54;0;37,46
62.799.716;8,46;-51,75;0;38,25
62.803.632;7,99;-51,88;0;38,12
62.877.552;8,2;-50,47;0;39,53
62.881.626;8,4;-51,53;0;38,47
62.972.684;8,31;-50,38;0;39,62
63.176.353;6,34;-27,17;0;62,83
63.182.559;8,25;-51,48;0;38,52
63.186.727;7,99;-50,65;0;39,35
63.190.475;4,83;-51,22;0,59;38,78
63.301.694;8,28;-50,25;0,53;39,75
63.307.515;8,28;-49,59;0;40,41
63.311.486;8,67;-50,34;0;39,66
63.315.367;8,79;-48,71;0;41,29
63.459.076;8,7;-49,68;0;40,32
63.464.336;8,24;-50,6;0;39,4
63.467.807;8,73;-49,33;0;40,67
63.644.517;9,08;-48,54;0;41,46
63.649.174;8,98;-50,38;0;39,62
63.652.704;8,81;-50,25;0;39,75
63.697.064;8,77;-51,61;0;38,39
63.931.606;9;-49,86;0;40,14
63.936.125;9,25;-50,25;0;39,75
6.393.945;8,7;-49,94;0;40,06
63.942.721;8,88;-50,43;0;39,57
63.946.207;8,61;-50,52;0;39,48
63.953.303;9,54;-50,91;0;39,09
64.102.684;9,02;-50,25;0;39,75
64.107.535;9,6;-51,88;0;38,12
64.110.907;9,05;-50,82;0;39,18
6.426.168;9,41;-51,7;0;38,3
64.266.178;9,28;-30,65;0;59,35
64.269.735;7,16;-23,88;0;66,12
6.434.101;9,98;-50,34;0;39,66
64.423.053;5,13;-43,53;0,58;46,47
64.608.339;5,31;-52,76;0,59;37,24
64.615.644;10,06;-52,45;0;37,55
64.620.143;9,47;-52,05;0;37,95
646.667;9,72;-51,31;0;38,69
64.672.734;10,09;-51,75;0;38,25
64.676.254;10,2;-52,14;0;37,86
64.775.148;9,94;-52,01;0;37,99
64.780.323;10,22;-51,75;0;38,25
64.936.208;10,08;-52,54;0;37,46
64.940.931;10,15;-50,74;0,02;39,26
6.494.432;10,26;-51,48;0;38,52
65.177.828;10,82;-51,48;0;38,52
65.445.676;10,22;-53,24;0;36,76
65.451.667;10,85;-51,83;0;38,17
6.545.589;10,08;-51,83;0;38,17
65.460.156;10,37;-52,14;0;37,86
65.464.435;11;-52,41;0;37,59
65.468.171;10,98;-51,09;0,12;38,91
65.472.755;10,71;-52,8;0;37,2
65.476.666;10,86;-53,15;0;36,85
65.480.646;10,86;-52,49;0;37,51
6.550.547;11,37;-53,42;0;36,58
65.511.088;11,09;-36,54;0;53,46
65.598.638;10,85;-53,11;0;36,89
65.757.095;10,76;-53,11;0;36,89
65.763.703;5,71;-38,95;0,55;51,05
65.768.229;11,17;-54,47;0;35,53
6.577.235;11,95;-54,47;0;35,53
65.998.777;11,83;-52,93;0;37,07
66.208.301;11,32;-53,33;0;36,67
66.213.003;11,43;-52,76;0;37,24
66.216.338;11,48;-54,25;0;35,75
66.219.821;12,24;-53,86;0;36,14
66.223.817;11,69;-54,34;0;35,66
66.227.097;11,22;-54,3;0;35,7
66.230.369;11,39;-53,9;0;36,1
6.632.381;11,87;-54,47;0;35,53
6.632.877;12,69;-53,55;0;36,45
66.332.398;12,07;-55,31;0;34,69
6.641.659;12,69;-52,71;0;37,29
66.421.261;12,69;-54,25;0;35,75
66.501.356;12,06;-53,15;0;36,85
6.650.619;11,73;-54,25;0;35,75
66.580.945;12,13;-53,37;0;36,63
66.826.285;12,46;-53,37;0;36,63
67.092.826;13,54;-51,35;0;38,65
67.098.289;12,38;-54,47;0;35,53
67.102.272;13,08;-52,58;0;37,42
67.105.681;12,7;-37,37;0;52,63
67.109.647;13,27;-54,43;0;35,57
67.113.162;6,21;-30,78;0;59,22
67.117.224;6,1;-35,35;0,56;54,65
67.152.104;13,12;-55,04;0;34,96
67.156.907;13,59;-54,34;0,59;35,66
67.160.968;13,34;-53,15;0;36,85
67.164.702;14,98;-54,12;3,3;35,88
67.240.228;14,16;-53,81;3,3;36,19
67.401.223;14,02;-54,43;3,3;35,57
67.405.811;14,21;-54,34;3,3;35,66
67.409.734;13,56;-54,52;3,3;35,48
67.413.367;13,81;-55,53;3,3;34,47
67.484.918;14,04;-55,17;3,3;34,83
67.648.006;13,89;-57,06;3,3;32,94
67.840.447;14,59;-55,92;3,3;34,08
67.847.923;13,91;-56,01;3,3;33,99
67.853.971;14,34;-57,59;3,3;32,41
6.786.181;14,77;-57,37;3,3;32,63
67.865.239;13,4;-58,21;3,3;31,79
67.869.514;13,4;-58,16;3,3;31,84
67.979.653;13,6;-58,78;3,3;31,22
67.985.413;14,11;-56,89;3,3;33,11
67.989.123;13,46;-58,95;3,3;31,05
68.136.896;14,21;-58,95;3,3;31,05
68.141.386;13,31;-59,35;3,3;30,65
68.145.111;12,92;-60,98;3,3;29,02
68.227.049;13,36;-59,92;3,3;30,08
68.230.753;2,96;-34,6;3,3;55,4
68.309.859;12,46;-60,32;3,3;29,68
68.313.258;13,21;-60,23;3,3;29,77
68.470.382;13,78;-60,27;3,3;29,73
68.747.765;12,53;-59,44;3,3;30,56
68.755.724;12,47;-60,27;3,3;29,73
68.762.576;12,8;-59,88;3,3;30,12
68.768.423;12,46;-60,19;3,3;29,81
68.774.428;12,37;-60,23;3,3;29,77
68.826.765;12,92;-59,26;3,3;30,74
68.834.635;12,28;-60,49;3,3;29,51
68.840.395;12,37;-60,27;3,3;29,73
6.884.556;12,46;-59,97;3,3;30,03
68.905.058;12,7;-59,61;3,3;30,39
68.914.573;12,8;-57,02;3,3;32,98
69.054.922;11,76;-59,83;3,3;30,17
69.059.302;11,78;-59,97;3,3;30,03
69.062.661;12,41;-58,78;3,3;31,22
69.297.319;11,46;-59,35;3,3;30,65
6.951.098;11,71;-60,93;3,3;29,07
69.515.721;11,01;-59,66;3,3;30,34
69.519.285;11,48;-61,06;3,3;28,94
69.523.367;11,65;-59,92;3,3;30,08
69.526.716;11,3;-59,44;3,3;30,56
69.530.406;11;-58,56;3,3;31,44
69.535.721;12,06;-33,86;3,3;56,14
6.967.853;2,96;-35;3,3;55
69.683.226;11,03;-58,78;3,3;31,22
69.688.363;2,96;-57,9;3,3;32,1
69.693.303;10,53;-58,3;3,3;31,7
69.748.569;10,76;-57,5;3,3;32,5
69.753.291;10,56;-58,78;3,3;31,22
69.867.862;11,16;-58,78;3,3;31,22
69.874.011;10,53;-58,78;3,3;31,22
70.113.109;11,31;-57,37;3,3;32,63
70.401.047;10,04;-58,69;3,3;31,31
70.406.401;10,23;-57,2;3,3;32,8
70.409.847;9,93;-58,12;3,3;31,88
70.413.211;10,14;-57,46;3,3;32,54
7.041.725;10,53;-59;3,3;31
70.420.589;10,46;-56,45;3,3;33,55
70.424.018;10,1;-55,66;3,3;34,34
7.043.871;10,09;-57,37;3,3;32,63
70.442.748;10,36;-56,05;3,3;33,95
70.446.484;9,94;-57,06;3,3;32,94
70.522.226;9,87;-56,54;3,3;33,46
70.526.861;9,82;-55,53;3,3;34,47
70.687.556;9,68;-55,75;3,3;34,25
70.717.744;10,34;-56,67;3,3;33,33
7.072.393;9,22;-55,04;3,3;34,96
7.084.343;9,69;-55,92;3,3;34,08
70.847.635;9,77;-33,06;3,3;56,94
70.850.977;9,8;-55,83;3,3;34,17
71.078.358;9,62;-56,58;3,3;33,42
71.334.596;2,96;-54,95;3,3;35,05
71.342.228;8,88;-56,01;3,3;33,99
71.347.904;9,33;-55,97;3,3;34,03
71.353.912;9,59;-56,1;3,3;33,9
71.360.277;8,67;-55,53;3,3;34,47
71.365.913;9,38;-56,41;3,3;33,59
71.372.147;9,02;-55,53;3,3;34,47
71.378.361;9,53;-56,01;3,3;33,99
71.433.586;9,22;-56,71;3,3;33,29
71.440.052;8,78;-56,14;3,3;33,86
71.445.148;8,97;-54,6;3,3;35,4
71.507.995;9,28;-55;3,3;35
71.514.197;9,41;-55,39;3,3;34,61
71.672.642;9,17;-57,46;3,3;32,54
71.677.025;8,47;-56,49;3,3;33,51
71.680.337;8,65;-57,37;3,3;32,63
71.754.381;8,66;-55,97;3,3;34,03
71.757.827;8,67;-55,39;3,3;34,61
71.916.401;8,56;-56,05;3,3;33,95
72.147.925;8,77;-56,36;3,3;33,64
72.152.355;8,48;-55,92;3,3;34,08
72.156.428;8,55;-55,31;3,3;34,69
72.160.274;8,3;-54,74;3,3;35,26
72.164.551;8,2;-56,8;3,3;33,2
72.168.009;8,39;-56,19;3,3;33,81
7.224.798;4,71;-32,36;0,5;57,64
72.254.293;4,71;-54,95;0,57;35,05
72.258.054;8,21;-55,48;0;34,52
72.327.607;7,86;-56,19;0,25;33,81
72.489.169;8,03;-55,88;0;34,12
72.494.597;8,2;-55,97;0;34,03
72.499.041;7,87;-54,95;0;35,05
72.565.263;7,84;-53,77;0;36,23
72.568.672;7,81;-54,3;0;35,7
72.727.772;8,2;-53,24;0;36,76
72.914.427;7,9;-52,14;0;37,86
72.919.014;8,21;-52,45;0;37,55
72.922.995;8,2;-51,75;0;38,25
72.926.289;8,28;-51,75;0;38,25
72.929.548;8;-49,94;0;40,06
73.057.023;7,83;-50,38;0;39,62
73.065.319;8,2;-51,17;0;38,83
73.069.648;8,28;-50,91;0,01;39,09
73.073.219;8,04;-50,3;0;39,7
73.146.554;8,24;-50,3;0;39,7
73.309.935;8,2;-50,03;0;39,97
73.317.255;8,28;-50,56;0;39,44
73.321.643;7,84;-49,33;0;40,67
73.325.097;8,77;-49,9;0;40,1
73.384.815;8,47;-49,5;0;40,5
73.548.072;5,2;-26,43;0,06;63,57
73.790.203;4,82;-27,57;0,36;62,43
73.796.974;8,54;-48,71;0;41,29
73.801.851;8,61;-48,8;0;41,2
73.806.283;8,66;-50,12;0,59;39,88
73.809.778;8,49;-49,37;0;40,63
7.381.302;8,67;-50,03;0;39,97
73.816.578;8,58;-49,64;0;40,36
73.869.528;8,68;-49,64;0;40,36
7.387.796;8,99;-49,37;0;40,63
73.970.173;8,39;-49,37;0;40,63
73.975.824;8,75;-50,34;0;39,66
74.131.003;9,02;-49,42;0;40,58
74.135.331;9,37;-50,87;0;39,13
74.138.699;8,74;-51,17;0;38,83
74.210.517;9,09;-50,38;0;39,62
74.213.992;9,21;-50,65;0;39,35
74.462.135;9,39;-50,74;0;39,26
74.648.908;9,2;-50,91;0;39,09
74.656.483;9,66;-51,53;0;38,47
74.663.167;9,94;-51,26;0;38,74
74.668.949;9,76;-51,31;0;38,69
74.675.781;9,65;-52,05;0;37,95
74.681.992;9,65;-52,45;0;37,55
74.688.112;9,9;-51,48;0;38,52
74.790.644;9,97;-51,83;0;38,17
74.797.129;6,21;-28,45;0;61,55
74.800.559;9,97;-53,72;0;36,28
74.942.329;10,31;-52,85;0;37,15
74.947.293;5,47;-54,56;0,59;35,44
74.951.442;10,15;-51,75;0,6;38,25
75.183.065;10,05;-52,49;0;37,51
7.542.046;10,17;-51,75;0;38,25
75.424.997;9,82;-51,39;0;38,61
75.428.326;10,41;-51;0;39
75.431.668;10,63;-54,52;0;35,48
75.435.626;10,41;-52,49;0;37,51
75.442.619;10,83;-52,05;0;37,95
75.447.914;10,89;-52,54;0;37,46
7.552.744;10,27;-53,59;0;36,41
75.535.802;10,37;-54,56;0;35,44
75.540.986;10,73;-54,3;0;35,7
75.545.651;10,57;-51,88;0;38,12
75.612.044;10,69;-52,45;0;37,55
75.616.662;10,95;-53,15;0;36,85
75.772.646;10,67;-53,02;0;36,98
75.778.652;10,95;-52,45;0;37,55
75.783.058;11,08;-53,5;0;36,5
76.017.261;11,41;-54,95;0;35,05
76.209.479;10,99;-54,69;0;35,31
762.162;11,32;-54,38;0;35,62
7.621.986;11,18;-33,42;0;56,58
76.223.224;8,58;-30,21;0;59,79
76.227.949;10,93;-53,33;0;36,67
76.231.314;5,81;-43,92;0,58;46,08
76.234.581;5,62;-54,12;0,57;35,88
76.266.027;11,68;-53,59;0;36,41
76.271.857;12,42;-53,9;0;36,1
76.352.724;11,63;-52,93;0;37,07
76.358.213;12,49;-54,56;0;35,44
76.439.413;11,99;-53,06;0;36,94
76.596.285;11,64;-53,81;0;36,19
7.660.084;12,69;-53,9;0;36,1
76.604.787;12,88;-54,25;0;35,75
76.763.959;12,43;-55;0;35
7.702.097;12,32;-51,48;0;38,52
77.025.115;13,06;-54,56;0;35,44
77.028.443;13,14;-53,11;0;36,89
77.032.387;12,89;-53,64;0;36,36
77.035.826;12,25;-52,54;0;37,46
77.039.051;12,24;-53,64;0;36,36
77.095.697;13,11;-55,13;0;34,87
77.100.515;13,68;-53,55;0;36,45
77.104.787;12,19;-54,25;0;35,75
77.256.929;13,25;-55,53;0;34,47
7.726.328;13,2;-53,46;3,3;36,54
77.268.541;12,84;-53,72;3,3;36,28
77.275.881;13,36;-32,05;3,3;57,95
7.741.117;13,2;-54,47;3,3;35,53
77.416.055;13,89;-54,87;3,3;35,13
77.419.424;2,96;-36,45;3,3;53,55
77.492.625;13,89;-55,39;3,3;34,61
77.698.315;14,14;-55,97;3,3;34,03
77.702.619;13,43;-54,95;3,3;35,05
7.773.662;13,2;-55,97;3,3;34,03
77.741.644;13,34;-56,85;3,3;33,15
77.745.203;13,56;-57,77;3,3;32,23
77.897.404;13,36;-57,46;3,3;32,54
77.905.625;13,08;-60,36;3,3;29,64
7.790.934;13,51;-58,3;3,3;31,7
77.969.777;12,12;-60,1;3,3;29,9
77.973.813;13,37;-59,61;3,3;30,39
78.073.022;13,08;-56,36;3,3;33,64
7.807.715;13,15;-59,39;3,3;30,61
78.322.307;11,64;-59,35;3,3;30,65
78.568.009;12,89;-60,1;3,3;29,9
78.575.714;12,45;-61,33;3,3;28,67
78.581.368;13,36;-60,45;3,3;29,55
78.587.666;12,54;-59,53;3,3;30,47
78.594.804;13,05;-61,46;3,3;28,54
78.601.109;12,18;-60,98;3,3;29,02
78.606.958;12,46;-60,19;3,3;29,81
786.498;13,09;-60,32;3,3;29,68
78.658.189;12,69;-41,9;3,3;48,1
78.665.112;12,07;-62,56;3,3;27,44
78.729.558;2,96;-34,87;3,3;55,13
78.735.281;2,96;-34,25;3,3;55,75
7.889.318;12,38;-61,64;3,3;28,36
78.897.633;11,46;-61,99;3,3;28,01
78.900.967;11,8;-60,01;3,3;29,99
7.897.594;11,97;-62,3;3,3;27,7
78.979.953;11,37;-60,23;3,3;29,77
79.136.626;11,51;-60,49;3,3;29,51
79.334.503;11,22;-59;3,3;31
79.342.404;11,34;-60,19;3,3;29,81
79.347.253;10,95;-60,19;3,3;29,81
79.350.618;10,83;-58,74;3,3;31,26
79.353.884;11,27;-59,53;3,3;30,47
79.357.148;11,73;-59,88;3,3;30,12
7.946.887;11,22;-60,36;3,3;29,64
79.474.517;10,85;-59,97;3,3;30,03
79.477.984;10,88;-58,74;3,3;31,26
79.627.209;11,33;-57,42;3,3;32,58
7.963.164;10,66;-58,3;3,3;31,7
79.635.012;10,34;-58,52;3,3;31,48
79.711.991;10,94;-58,52;3,3;31,48
79.715.331;10,36;-58,65;3,3;31,35
79.958.003;10,5;-58,65;3,3;31,35
80.190.577;10,69;-58,38;3,3;31,62
80.195.051;10,31;-56,89;3,3;33,11
80.198.395;10,16;-59,22;3,3;30,78
80.202.412;2,96;-33,15;3,3;56,85
80.206.931;9,89;-58,08;3,3;31,92
80.285.029;10,09;-58,3;3,3;31,7
80.290.451;10,11;-57,24;3,3;32,76
80.294.239;10,21;-57,42;3,3;32,58
80.297.621;9,91;-56,45;3,3;33,55
80.300.985;9,96;-57,46;3,3;32,54
80.370.265;9,98;-56,1;3,3;33,9
80.375.394;9,83;-57,42;3,3;32,58
80.532.938;10,27;-56,27;3,3;33,73
80.537.002;9,85;-56,89;3,3;33,11
80.540.694;9,5;-57,06;3,3;32,94
80.610.811;9,57;-55,39;3,3;34,61
80.614.174;9,51;-56,63;3,3;33,37
80.768.934;9,35;-57,15;3,3;32,85
80.978.623;9,38;-55,83;3,3;34,17
80.983.426;9,57;-55,79;3,3;34,21
8.098.749;9,43;-56,19;3,3;33,81
80.990.819;9,39;-56,58;3,3;33,42
80.994.245;9,33;-55,26;3,3;34,74
81.107.058;8,9;-55,83;3,3;34,17
81.112.699;8,74;-55,88;3,3;34,12
81.116.661;8,97;-55,57;3,3;34,43
81.120.679;8,53;-55,39;3,3;34,61
81.194.257;8,99;-57,37;3,3;32,63
81.347.809;8,57;-31,88;3,3;58,12
8.135.538;2,96;-32,1;3,3;57,9
8.136.007;8,73;-55,83;3,3;34,17
81.363.753;2,96;-55,66;3,3;34,34
81.559.453;8,91;-55,26;3,3;34,74
81.824.102;8,24;-55,75;3,3;34,25
8.182.854;8,5;-55,26;3,3;34,74
81.831.926;8,91;-56,05;3,3;33,95
81.835.905;8,55;-54,95;3,3;35,05
81.839.183;8,54;-56,14;3,3;33,86
81.842.574;8,28;-56,23;3,3;33,77
81.847.297;8,44;-55,48;3,3;34,52
81.851.257;8,44;-56,45;3,3;33,55
8.185.473;8,2;-55,13;3,3;34,87
81.989.034;7,86;-55,17;3,3;34,83
81.993.896;7,99;-56,8;3,3;33,2
82.149.388;8,29;-55,22;3,3;34,78
82.153.897;8,03;-55,17;3,3;34,83
82.157.197;7,76;-56,23;3,3;33,77
82.160.688;8,23;-55,44;0;34,56
82.309.182;8,2;-54,65;0;35,35
8.251.784;7,74;-55,88;0;34,12
82.524.314;7,96;-55,44;0;34,56
8.253.092;7,92;-54,56;0;35,44
82.536.648;7,46;-54,52;0;35,48
82.543.631;7,57;-47,48;0;42,52
82.637.923;7,88;-30,25;0;59,75
82.643.345;7,7;-54,43;0;35,57
82.647.979;7,93;-52,67;0;37,33
82.795.531;4,49;-52,89;0,58;37,11
82.800.133;7,83;-51,97;0;38,03
8.280.351;7,56;-52,85;0;37,15
82.958.677;7,51;-51;0;39
82.962.129;8,2;-50,91;0;39,09
82.965.453;7,94;-50,47;0;39,53
82.968.749;7,57;-51,04;0;38,96
8.311.743;7,93;-49,33;0;40,67
83.358.171;8,01;-49,72;0;40,28
83.363.699;7,85;-50,34;0;39,66
83.369.047;8,03;-48,93;0;41,07
83.373.253;8,09;-48,93;0;41,07
833.768;8,2;-50,74;0;39,26
83.453.303;7,95;-50,34;0;39,66
83.458.232;8,57;-48,36;0;41,64
83.461.591;8,47;-47,53;0;42,47
83.465.228;8,2;-49,42;0;40,58
83.609.845;8,71;-49,59;0;40,41
83.614.467;8,53;-49,06;0;40,94
8.361.782;8,2;-47,04;0;42,96
83.770.336;8,43;-49,37;0;40,63
83.773.848;8,41;-50,08;0;39,92
83.777.356;8,44;-47,22;0;42,78
83.930.289;8,53;-50,3;0;39,7
84.108.586;8,77;-49,37;0;40,63
84.113.111;4,9;-26,34;0,55;63,66
84.117.305;4,85;-50,03;0,58;39,97
84.120.616;8,64;-50,08;0;39,92
84.145.025;8,72;-49,42;0;40,58
84.151.335;8,72;-52,36;0;37,64
84.314.767;9,42;-49,86;0;40,14
84.319.386;9,3;-50,56;0;39,44
84.322.687;8,8;-51;0;39
84.326.229;9,28;-50,08;0;39,92
84.475.748;9,35;-49,64;0;40,36
84.479.925;9,25;-52,76;0;37,24
84.483.269;9,44;-50,95;0;39,05
84.555.437;9,53;-51,31;0;38,69
84.558.743;9,23;-51,7;0;38,3
84.738.573;9,62;-52,14;0;37,86
85.024.972;9,17;-51,97;0;38,03
85.031.053;9,53;-51,97;0;38,03
85.035.318;9,73;-53,06;0;36,94
85.038.624;9,57;-51,75;0;38,25
85.042.843;9,95;-52,45;0;37,55
85.053.582;9,49;-53,15;0;36,85
85.057.052;9,57;-53,86;0;36,14
85.060.351;10,16;-52,58;0;37,42
85.063.623;9,81;-52,63;0;37,37
85.132.678;10,22;-53,64;0;36,36
85.323.841;5,34;-28,85;0;61,15
8.532.995;5,3;-28,76;0,54;61,24
85.334.616;10,73;-52,89;0;37,11
85.338.996;10,28;-53,64;0;36,36
85.466.705;10,9;-52,71;0,05;37,29
85.471.215;10,79;-52,01;0;37,99
85.474.619;10,52;-53,37;0;36,63
85.701.451;10,42;-51,79;0;38,21
85.912.556;10,77;-52,85;0;37,15
85.918.647;11,31;-52,63;0;37,37
85.922.177;10,66;-55,13;0;34,87
85.925.504;10,32;-54,08;0;35,92
85.929.609;10,69;-53,72;0,02;36,28
85.932.908;10,54;-53,2;0;36,8
85.936.148;11,19;-52,89;0;37,11
86.043.055;11,19;-54,12;0;35,88
86.051.109;10,64;-53,42;0;36,58
86.057.283;11,21;-54,12;0;35,88
86.063.406;11,44;-53,99;0;36,01
86.119.213;11,1;-53,59;0;36,41
86.287.525;11,73;-54,25;0;35,75
86.291.922;11,48;-53,9;0;36,1
86.295.267;11,37;-55,13;0;34,87
86.363.692;11,62;-54,6;0;35,4
86.367.345;11,87;-57,59;0;32,41
86.537.406;11,57;-55,22;0;34,78
86.814.582;5,93;-29,9;0;60,1
86.821.191;12,14;-55,22;0;34,78
8.682.554;11,68;-54,56;0;35,44
86.829.239;10,84;-53,9;0,56;36,1
86.832.556;11,89;-53,64;0,12;36,36
86.835.824;12,47;-54,47;0;35,53
86.839.023;11,86;-53,68;0;36,32
86.842.536;12,24;-54,21;0;35,79
87.066.944;12,87;-54,65;0;35,35
87.071.695;12,69;-53,72;0;36,28
87.075.153;12,25;-54,52;0;35,48
87.078.509;12,51;-54,34;0;35,66
87.081.867;12,69;-54,25;0;35,75
87.223.247;13,11;-54,34;0;35,66
87.228.767;12,74;-54,56;3,3;35,44
87.233.228;12,95;-54,95;3,3;35,05
87.376.009;13,36;-55,09;3,3;34,91
87.564.832;13,7;-55,35;3,3;34,65
87.571.894;13,76;-55,17;3,3;34,83
87.577.461;13,22;-55,26;3,3;34,74
87.580.886;13,11;-55,04;3,3;34,96
87.584.144;13,14;-55,31;3,3;34,69
87.587.419;13,28;-56,89;3,3;33,11
87.712.759;13,22;-55,97;3,3;34,03
87.720.171;13,76;-57,2;3,3;32,8
87.725.269;13,34;-34,25;3,3;55,75
87.864.583;2,96;-34,08;3,3;55,92
87.869.369;12,23;-58,91;3,3;31,09
87.872.807;2,96;-57,68;3,3;32,32
88.031.102;10,29;-60,32;3,3;29,68
88.034.922;12,89;-59;3,3;31
88.038.432;12,28;-59,22;3,3;30,78
88.186.427;12,89;-59,44;3,3;30,56
88.439.335;13,25;-59,22;3,3;30,78
88.444.396;12,69;-60,1;3,3;29,9
8.844.902;12,84;-61,33;3,3;28,67
88.452.671;12,85;-59,66;3,3;30,34
88.456.417;12,17;-61,55;3,3;28,45
88.459.856;13,05;-59,44;3,3;30,56
88.512.286;11,87;-60,93;3,3;29,07
88.518.073;12,38;-61,5;3,3;28,5
88.522.696;12,92;-61,37;3,3;28,63
88.683.247;11,86;-57,37;3,3;32,63
88.689.915;12,23;-60,93;3,3;29,07
88.694.341;11,85;-60,93;3,3;29,07
88.836.961;12,38;-61,37;3,3;28,63
88.840.564;11,31;-60,93;3,3;29,07
88.844.053;11,98;-60,58;3,3;29,42
88.996.819;11,21;-59,53;3,3;30,47
89.189.345;11,56;-60,01;3,3;29,99
89.196.295;11,72;-60,1;3,3;29,9
89.199.832;11,28;-35,61;3,3;54,39
89.203.859;11,32;-60,27;3,3;29,73
89.207.158;11,15;-61,81;3,3;28,19
89.210.421;2,96;-57,64;3,3;32,36
89.326.082;11,04;-60,19;3,3;29,81
89.333.438;10,53;-59,7;3,3;30,3
89.339.946;10,98;-60,1;3,3;29,9
89.408.442;11,08;-58,65;3,3;31,35
89.416.102;10,38;-59,17;3,3;30,83
8.956.952;11,44;-58,47;3,3;31,53
89.573.949;10,23;-58,82;3,3;31,18
89.577.396;10,47;-58,78;3,3;31,22
89.821.564;10,29;-58,08;3,3;31,92
9.007.076;10,4;-58,47;3,3;31,53
90.078.506;10,82;-58,12;3,3;31,88
90.090.971;10,19;-57,37;3,3;32,63
90.098.572;10,08;-58,56;3,3;31,44
90.105.693;10,22;-58,6;3,3;31,4
90.188.525;10,61;-57,64;3,3;32,36
90.194.479;10,72;-57,28;3,3;32,72
90.201.725;9,89;-57,55;3,3;32,45
90.206.281;9,72;-57,81;3,3;32,19
90.215.133;9,99;-58,16;3,3;31,84
90.227.212;9,46;-58,08;3,3;31,92
90.233.344;9,42;-57,37;3,3;32,63
90.392.494;10,31;-56,36;3,3;33,64
90.398.892;9,89;-32,1;3,3;57,9
90.403.766;9,39;-56,49;3,3;33,51
90.469.638;2,96;-32,1;3,3;57,9
90.473.264;2,96;-53,02;3,3;36,98
90.630.033;9,37;-56,63;3,3;33,37
90.835.358;9,71;-56,71;3,3;33,29
90.843.188;9,68;-56,1;3,3;33,9
90.847.662;8,99;-56,54;3,3;33,46
90.851.053;8,82;-55,39;3,3;34,61
90.854.318;9,33;-56,54;3,3;33,46
90.857.577;8,7;-54,56;3,3;35,44
90.976.791;9,38;-54,16;3,3;35,84
90.985.437;8,88;-55,83;3,3;34,17
91.004.817;8,85;-55,97;3,3;34,03
91.042.567;8,67;-56,58;3,3;33,42
91.204.554;9,33;-55,97;3,3;34,03
9.120.923;8,88;-56,36;3,3;33,64
91.212.541;8,99;-56,54;3,3;33,46
91.216.161;8,84;-55,97;3,3;34,03
91.283.788;8,95;-54,43;3,3;35,57
91.445.114;8,47;-55,83;3,3;34,17
91.710.635;8,67;-56,05;3,3;33,95
91.717.673;8,2;-55,31;3,3;34,69
91.724.143;8,47;-56,41;3,3;33,59
91.728.708;8,35;-55,48;3,3;34,52
91.733.313;8,37;-55,92;3,3;34,08
91.737.281;8,79;-56,54;3,3;33,46
91.769.545;8,05;-56,76;3,3;33,24
91.775.251;2,96;-31,44;3,3;58,56
91.778.942;7,92;-55,75;3,3;34,25
91.859.581;8,47;-56,63;3,3;33,37
91.864.145;8,3;-56,27;3,3;33,73
91.945.479;7,99;-55,53;3,3;34,47
92.111.245;7,91;-55;3,3;35
92.115.025;7,92;-55,7;3,3;34,3
92.118.304;7,97;-56,01;3,3;33,99
92.121.902;7,65;-56,67;3,3;33,33
92.271.087;8,2;-55,88;0;34,12
92.484.578;7,69;-54,74;0;35,26
92.488.859;7,52;-55;0;35
92.493.333;7,54;-55,35;0;34,65
9.249.677;7,67;-54,25;0;35,75
92.500.009;7,19;-54,43;0;35,57
92.503.228;7,34;-53,24;0;36,76
92.598.007;7,37;-53,72;0;36,28
92.605.421;7,6;-53,59;0;36,41
92.682.177;7,68;-53,37;0;36,63
92.686.926;7,24;-52,32;0;37,68
92.843.055;7,64;-51,17;0;38,83
92.847.263;7,37;-52,54;0;37,46
92.850.978;7,49;-50,95;0;39,05
92.920.748;7,63;-50,38;0;39,62
92.924.532;7,51;-50,08;0;39,92
93.084.403;5,15;-26,87;0;63,13
93.356.911;4,5;-26,82;0,25;63,18
93.362.829;7,93;-50,08;0;39,92
93.367.634;5,23;-48,41;0,56;41,59
93.371.575;8,28;-49,06;0,61;40,94
93.375.427;7,81;-49,15;0;40,85
93.379.735;7,93;-49,86;0;40,14
93.406.891;7,75;-48,98;0;41,02
93.412.106;8,07;-48,85;0;41,15
93.416.559;8,03;-47,44;0;42,56
93.503.194;8,38;-48,41;0;41,59
93.507.905;8,29;-49,72;0;40,28
93.662.459;8,36;-49,68;0;40,32
93.666.928;8,41;-48,93;0;41,07
93.670.404;8,38;-50,25;0;39,75
93.903.564;8,39;-48,32;0;41,68
9.409.485;8,09;-48,93;0;41,07
94.100.363;8,22;-48,49;0;41,51
94.104.634;8,03;-48,54;0;41,46
94.108.153;8,34;-49,81;0;40,19
94.112.405;8,94;-49,59;0;40,41
94.115.835;8,56;-50,03;0;39,97
94.119.142;8,66;-49,37;0;40,63
94.243.613;8,74;-50,38;0;39,62
94.248.475;8,74;-50,74;0;39,26
94.251.967;8,64;-29,68;0;60,32
9.440.161;7,1;-26,47;0;63,53
94.406.382;8,8;-51;0;39
94.409.788;9,05;-51,17;0;38,83
94.413.117;4,95;-51,04;0,57;38,96
94.480.144;8,88;-50,6;0;39,4
94.562.072;9,34;-52,14;0;37,86
94.565.568;9,35;-51;0;39
94.724.026;9,1;-51,35;0;38,65
9.496.969;9,43;-52,67;0;37,33
94.977.803;9,3;-52,32;0;37,68
94.982.478;9,66;-52,05;0;37,95
9.498.604;9,39;-51,35;0;38,65
94.989.474;9,94;-52,54;0;37,46
95.050.923;9,3;-52,01;0;37,99
9.505.679;9,57;-52,41;0;37,59
95.062.341;9,9;-53,24;0;36,76
95.065.842;9,82;-52,41;0;37,59
95.145.171;9,95;-53,64;0;36,36
95.304.046;9,82;-52,98;0;37,02
95.308.596;10,45;-53,46;0;36,54
95.311.907;10,35;-54,56;0;35,44
95.315.428;10,23;-53,46;0;36,54
95.382.583;10,13;-53,86;0;36,14
9.554.544;10,41;-54,03;0;35,97
95.751.414;10,23;-52,45;0;37,55
95.755.985;10,2;-39,66;0;50,34
9.576.065;10,37;-53,9;0;36,1
95.764.138;10,1;-54,34;0;35,66
95.767.577;5,58;-31,92;0,58;58,08
95.770.866;5,44;-54,25;0,57;35,75
95.802.005;10,46;-53,24;0;36,76
95.807.813;10,37;-54,95;0;35,05
95.884.758;10,09;-54,69;0;35,31
95.975.052;10,72;-53,2;0;36,8
95.980.098;11,44;-54,47;0;35,53
96.130.404;11,73;-53,86;0;36,14
96.134.426;10,79;-53,99;0;36,01
96.138.348;11,18;-55,35;0;34,65
96.369.716;10,79;-54,12;0;35,88
96.624.431;10,93;-54,34;0;35,66
96.631.192;11,99;-54,78;0;35,22
96.634.685;12,01;-55,22;0;34,78
96.640.319;12,06;-55,04;0;34,96
96.647.289;11,02;-54,69;0;35,31
96.653.641;11,37;-55;0;35
96.659.732;11,33;-53,77;0;36,23
96.705.353;11,52;-54,03;0;35,97
96.713.429;12,32;-53,72;0;36,28
96.719.638;12,32;-53,9;0;36,1
9.672.518;12,31;-53,2;0;36,8
9.678.984;12,54;-54,56;0;35,44
96.949.157;11,72;-48,01;0;41,99
96.953.521;11,83;-54,6;0;35,4
96.957.081;5,9;-29,94;0;60,06
96.960.489;5,82;-30,78;0,45;59,22
97.027.263;12,29;-52,8;0;37,2
97.188.568;12,46;-54,69;0;35,31
97.391.352;12,49;-54,56;0;35,44
97.396.077;12,85;-55,04;3,3;34,96
97.400.396;12,71;-53,24;3,3;36,76
97.403.905;13,12;-54,38;3,3;35,62
97.407.302;13,08;-54,56;3,3;35,44
97.410.712;12,8;-55,04;3,3;34,96
97.442.688;12,69;-55,88;3,3;34,12
97.684.333;12,69;-55,7;3,3;34,3
97.688.828;12,71;-58,08;3,3;31,92
97.692.377;13,33;-56,23;3,3;33,77
97.695.657;12,92;-57,15;3,3;32,85
97.698.954;12,73;-57,81;3,3;32,19
97.770.294;13,31;-57,94;3,3;32,06
97.773.961;12,69;-58,78;3,3;31,22
98.014.607;12,89;-58,78;3,3;31,22
98.266.219;13,5;-57,5;3,3;32,5
98.273.623;12,91;-58,34;3,3;31,66
98.279.496;13,02;-58,95;3,3;31,05
98.285.932;12,02;-60,19;3,3;29,81
982.935;13,36;-60,05;3,3;29,95
98.299.274;12,88;-59,22;3,3;30,78
9.830.479;12,13;-59,88;3,3;30,12
98.310.554;2,96;-35;3,3;55
98.347.599;11,87;-60,1;3,3;29,9
98.355.232;12,76;-61,81;3,3;28,19
98.361.425;12,33;-60,23;3,3;29,77
98.428.075;11,9;-60,45;3,3;29,55
98.591.967;12,06;-61,15;3,3;28,85
98.596.564;12,06;-60,45;3,3;29,55
98.600.019;11,32;-60,45;3,3;29,55
98.848.215;11,24;-60,19;3,3;29,81
99.060.794;11,85;-61,55;3,3;28,45
99.068.992;12,25;-60,19;3,3;29,81
99.072.807;11,06;-62,16;3,3;27,84
99.080.284;11,42;-60,93;3,3;29,07
99.086.753;11,1;-59,61;3,3;30,39
99.093.628;11,31;-60,1;3,3;29,9
99.099.301;10,99;-61,46;3,3;28,54
99.105.834;11,51;-58,78;3,3;31,22
99.168.801;11,06;-60,05;3,3;29,95
99.176.727;11,38;-60,45;3,3;29,55
99.183.511;11,11;-59,92;3,3;30,08
99.251.753;10,85;-60,01;3,3;29,99
99.262.144;11,03;-59,22;3,3;30,78
99.419.245;10,7;-60,19;3,3;29,81
99.423.368;10,77;-58,69;3,3;31,31
99.426.727;10,34;-60,19;3,3;29,81
99.586.754;10,7;-34,21;3,3;55,79
99.866.294;2,96;-32,89;3,3;57,11
99.870.415;10,94;-58,38;3,3;31,62
99.874.446;2,96;-58,56;3,3;31,44
99.877.892;9,49;-60,1;3,3;29,9
99.881.176;10,64;-58,87;3,3;31,13
99.884.417;10,67;-58,08;3,3;31,92
100.064.257;10,45;-58,78;3,3;31,22
100.073.181;9,82;-58,08;3,3;31,92
100.078.589;10,2;-56,41;3,3;33,59
100.084.255;10,22;-57,33;3,3;32,67
100.090.344;9,93;-57,37;3,3;32,63
100.096.724;10,29;-57,24;3,3;32,76
100.232.274;9,93;-57,24;3,3;32,76
100.237.143;9,84;-56,93;3,3;33,07
100.240.774;9,54;-56,19;3,3;33,81
10.047.694;9,93;-56,1;3,3;33,9
100.691.693;9,33;-55,97;3,3;34,03
100.695.944;9,41;-56,41;3,3;33,59
100.699.223;9,52;-56,49;3,3;33,51
100.702.546;9,44;-56,45;3,3;33,55
100.706.486;9,39;-58,56;3,3;31,44
100.709.887;9,1;-55,22;3,3;34,78
100.713.112;9,58;-56,27;3,3;33,73
100.808.464;9,28;-56,01;3,3;33,99
100.815.979;9,22;-54,95;3,3;35,05
100.820.064;9,2;-31,31;3,3;58,69
100.824.392;8,83;-55,75;3,3;34,25
100.891.261;9,05;-55,88;3,3;34,12
10.105.219;2,96;-54,6;3,3;35,4
101.057.643;8,66;-56,19;3,3;33,81
101.061.076;9,1;-55,57;3,3;34,43
10.129.063;8,6;-55,7;3,3;34,3
101.545.041;8,68;-56,63;3,3;33,37
101.550.022;8,66;-55,48;3,3;34,52
101.553.399;8,38;-55,17;3,3;34,83
10.155.704;8,61;-55,88;3,3;34,12
101.561.168;8,57;-56,49;3,3;33,51
101.564.514;8,36;-55,48;3,3;34,52
101.569.077;8,27;-57,37;3,3;32,63
101.574.957;8,43;-57,64;3,3;32,36
101.621.397;8,09;-55,7;3,3;34,3
101.629.021;8,29;-55,97;3,3;34,03
101.635.192;8,46;-56,36;3,3;33,64
101.718.716;7,92;-55,97;3,3;34,03
101.723.569;7,97;-56,23;3,3;33,77
101.874.109;8,2;-56,1;3,3;33,9
101.878.323;8,28;-56,54;3,3;33,46
1.018.819;8,24;-53,24;3,3;36,76
102.120.092;8,05;-55,48;3,3;34,52
102.335.439;7,68;-57,24;3,3;32,76
102.339.874;7,75;-55,83;3,3;34,17
102.343.176;7,82;-32,1;3,3;57,9
102.346.501;7,79;-55,97;3,3;34,03
102.350.444;4,6;-32,14;0,43;57,86
102.353.717;4,6;-53,15;0,64;36,85
10.235.709;7,46;-55,83;0;34,17
102.360.289;7,4;-55,97;0,44;34,03
10.245.103;7,45;-55,31;0;34,69
102.456.208;7,18;-54,6;0;35,4
102.459.681;7,32;-54,3;0;35,7
102.531.049;7,21;-54,52;0;35,48
102.690.817;7,29;-52,85;0;37,15
102.695.319;7,16;-53,15;0;36,85
102.698.716;7,03;-53,15;0;36,85
102.931.686;7,39;-53,9;0;36,1
103.174.756;7,39;-52,01;0;37,99
103.178.956;7,42;-50,43;0;39,57
103.182.255;7,3;-51,97;0;38,03
103.186.517;7,84;-50,56;0;39,44
103.190.793;7,39;-49,72;0;40,28
103.194.382;7,81;-49,64;0;40,36
103.198.607;7,92;-50,12;0;39,88
103.202.392;7,76;-49,59;0;40,41
103.264.987;7,83;-48,67;0;41,33
103.269.846;8,07;-48,93;0;41,07
103.273.232;7,76;-50,43;0;39,57
103.354.172;7,72;-49,06;0;40,94
103.362.648;8,2;-47,92;0;42,08
103.513.312;7,86;-48,93;0;41,07
103.518.052;4,75;-25,55;0,29;64,45
103.521.519;8,34;-49,24;0;40,76
103.591.481;8,2;-49,55;0;40,45
103.749.576;8,28;-47;0,58;43
103.940.393;8,3;-49,02;0;40,98
103.945.375;8,38;-48,45;0;41,55
103.948.751;8,47;-50,21;0;39,79
103.952.673;8,56;-49,5;0;40,5
103.955.968;8,28;-48,89;0;41,11
10.399.381;8,47;-49,15;0;40,85
103.997.136;8,5;-50,38;0;39,62
104.158.433;8,88;-49,37;0;40,63
104.163.324;8,52;-50,12;0;39,88
104.167.492;8,63;-49,94;0;40,06
104.170.844;8,67;-50,65;0;39,35
104.311.124;8,85;-49,99;0;40,01
104.315.352;8,85;-50,03;0;39,97
10.431.884;8,56;-50,65;0;39,35
104.479.825;9;-52,19;0;37,81
104.776.114;8,81;-51,75;0;38,25
104.781.072;9,12;-51,48;0;38,52
104.785.854;8,77;-53,06;0,01;36,94
10.478.925;8,67;-51,66;0;38,34
104.793.434;8,89;-51,13;0;38,87
10.479.846;9,33;-52,01;0;37,99
104.803.763;6,42;-27,26;0;62,74
104.810.094;5,06;-29,24;0,02;60,76
104.815.366;9,54;-52,41;0;37,59
104.964.542;5,05;-52,36;0,6;37,64
104.971.967;9,6;-51,79;0,6;38,21
104.977.425;9,74;-53,28;0;36,72
105.120.984;9,44;-53,72;0;36,28
105.125.465;9,39;-53,33;0;36,67
105.129.065;9,87;-53,72;0;36,28
105.286.646;9,76;-53,86;0;36,14
105.490.819;9,84;-53,9;0;36,1
10.549.807;10,23;-53,15;0;36,85
105.504.871;10,1;-53,9;0;36,1
105.508.593;9,8;-53,86;0;36,14
105.511.981;10,52;-52,93;0;37,07
10.551.531;9,99;-53,24;0;36,76
105.611.626;10,53;-54,6;0;35,4
105.617.484;10,26;-53,99;0;36,01
105.622.204;10,37;-54,47;0;35,53
10.577.238;10,46;-52,85;0;37,15
105.777.152;9,99;-54,25;0;35,75
105.780.541;10,31;-52,85;0;37,15
105.930.153;10,09;-53,59;0;36,41
105.934.171;10,08;-53,2;0;36,8
105.937.571;10,61;-53,9;0;36,1
106.090.511;10,78;-33,46;0;56,54
106.351.588;8,34;-30,95;0;59,05
106.357.266;10,67;-53,15;0;36,85
106.366.507;11,34;-54,43;0;35,57
106.371.548;5,68;-54,78;0,58;35,22
106.377.475;11,15;-54,95;0;35,05
106.383.517;10,85;-53,46;0;36,54
106.433.813;11,31;-54,56;0;35,44
106.441.278;10,84;-54,34;0;35,66
106.447.177;11,78;-53,59;0;36,41
106.497.085;11,57;-54,87;0;35,13
106.641.535;10,62;-54,3;0;35,7
106.646.354;11,24;-54,03;0;35,97
106.649.857;11,32;-53,15;0;36,85
106.858.149;11,68;-53,55;0;36,45
107.055.827;11,9;-53,86;0;36,14
107.060.155;12,27;-54,52;0;35,48
107.063.496;12,02;-54,56;0;35,44
107.066.777;11,61;-53,99;0;36,01
10.707.069;12,13;-55,53;0;34,47
107.074.098;12,46;-55;0;35
107.105.535;12,5;-55,26;0;34,74
107.108.915;11,79;-55,35;0;34,65
107.112.266;12,54;-53,81;0;36,19
107.266.757;13,05;-54,25;3,3;35,75
107.272.741;12,36;-54,6;3,3;35,4
107.277.287;13,02;-35,09;3,3;54,91
107.350.554;12,1;-54,43;3,3;35,57
107.515.369;13,12;-54,16;3,3;35,84
107.520.206;2,96;-36,14;3,3;53,86
107.523.547;2,96;-56,27;3,3;33,73
107.526.878;12,09;-56,01;3,3;33,99
107.587.873;12,69;-55,88;3,3;34,12
107.844.479;12,24;-56,23;3,3;33,77
107.852.724;13,54;-56,23;3,3;33,77
107.861.398;12,4;-57,37;3,3;32,63
107.870.352;12,42;-58,47;3,3;31,53
107.880.458;12,09;-58,91;3,3;31,09
107.922.367;12,7;-58,82;3,3;31,18
107.929.821;12,46;-58,74;3,3;31,26
108.007.549;12,92;-58,78;3,3;31,22
108.012.163;12,27;-60,19;3,3;29,81
108.115.991;11,9;-60,36;3,3;29,64
10.812.003;12,58;-59,83;3,3;30,17
108.360.185;12,89;-61,02;3,3;28,98
108.558.537;13,46;-60,41;3,3;29,59
108.564.267;11,43;-61,68;3,3;28,32
108.567.821;11,61;-61,46;3,3;28,54
108.571.643;11,52;-60,32;3,3;29,68
108.575.801;12,69;-60,27;3,3;29,73
108.579.094;11,86;-60,23;3,3;29,77
108.583.062;12,54;-60,14;3,3;29,86
108.690.159;12,17;-42,74;3,3;47,26
108.697.777;11,55;-61,59;3,3;28,41
108.702.955;2,96;-34,82;3,3;55,18
108.851.714;2,96;-35,09;3,3;54,91
108.856.909;11,66;-61,59;3,3;28,41
108.860.727;11,65;-61,46;3,3;28,54
108.864.134;11,35;-59,88;3,3;30,12
108.931.738;11,31;-61,72;3,3;28,28
109.016.935;10,94;-59,88;3,3;30,12
109.020.584;10,84;-58,52;3,3;31,48
109.178.228;10,16;-60,1;3,3;29,9
109.466.172;10,98;-59,66;3,3;30,34
109.470.771;11,09;-58,95;3,3;31,05
109.474.872;11,09;-60,23;3,3;29,77
109.478.203;10,93;-59,66;3,3;30,34
109.481.455;10,8;-58,91;3,3;31,09
10.950.166;10,76;-60,32;3,3;29,68
109.505.269;10,65;-58,78;3,3;31,22
109.508.506;10,32;-61,15;3,3;28,85
109.511.878;10,03;-59,35;3,3;30,65
109.591.018;10,25;-59,39;3,3;30,61
109.753.505;10,42;-58,52;3,3;31,48
109.759.786;10,61;-58,74;3,3;31,26
109.763.619;9,97;-58,78;3,3;31,22
109.766.987;10,09;-57,37;3,3;32,63
109.910.907;10,03;-58,08;3,3;31,92
109.915.724;10,34;-56,71;3,3;33,29
109.919.061;9,95;-57,68;3,3;32,32
109.991.305;2,96;-32,71;3,3;57,29
110.197.489;9,41;-56,1;3,3;33,9
110.202.026;9,68;-56,36;3,3;33,64
110.236.131;9,69;-56,45;3,3;33,55
11.024.019;9,58;-56,54;3,3;33,46
110.243.811;9,64;-56,45;3,3;33,55
110.317.887;9,44;-57,24;3,3;32,76
110.323.768;9,87;-56,01;3,3;33,99
110.414.011;9,31;-56,54;3,3;33,46
110.419.555;9,53;-54,6;3,3;35,4
110.574.754;9,75;-56,23;3,3;33,77
110.579.532;8,75;-56,32;3,3;33,68
110.583.296;9,1;-54,56;3,3;35,44
110.825.069;9,1;-56,58;3,3;33,42
11.108.878;8,99;-55,26;3,3;34,74
111.094.835;9,33;-56,14;3,3;33,86
111.100.458;9,01;-55,92;3,3;34,08
11.110.436;8,74;-56,01;3,3;33,99
111.109.071;9,15;-54,95;3,3;35,05
111.143.778;9,1;-56,71;3,3;33,29
111.151.913;8,5;-55,66;3,3;34,34
111.157.422;8,91;-55,31;3,3;34,69
111.163.128;8,79;-55,48;3,3;34,52
111.169.156;8,67;-55,35;3,3;34,65
111.231.285;8,41;-55,39;3,3;34,61
111.237.975;8,43;-30,21;3,3;59,79
111.385.347;2,96;-31,13;3,3;58,87
111.391.456;8,41;-55,13;3,3;34,87
111.395.493;2,96;-55,61;3,3;34,39
111.465.916;8,05;-55,48;3,3;34,52
111.469.289;8,35;-55,17;3,3;34,83
111.625.639;8,53;-54,95;3,3;35,05
111.821.565;8,47;-56,67;3,3;33,33
111.826.584;8,2;-55,13;3,3;34,87
111.830.585;8,56;-56,01;3,3;33,99
111.833.865;8,25;-55,92;3,3;34,08
111.937.776;7,84;-56,45;3,3;33,55
111.945.189;8,2;-54,56;3,3;35,44
111.951.392;7,92;-54,95;3,3;35,05
11.195.729;7,86;-56,1;3,3;33,9
111.963.469;7,82;-55,13;3,3;34,87
112.052.061;7,93;-55,31;3,3;34,69
112.056.863;7,73;-56,01;3,3;33,99
112.219.156;7,53;-55,39;3,3;34,61
112.224.294;7,57;-55,83;0;34,17
112.227.641;7,49;-55,57;0;34,43
112.293.389;7,3;-56,1;0;33,9
112.461.727;7,3;-54,56;0;35,44
112.728.436;7,48;-55,75;0;34,25
112.734.111;7,22;-53,64;0;36,36
11.273.965;7,31;-54,34;0;35,66
112.746.174;7,3;-30,21;0;59,79
112.788.174;7,16;-54,34;0;35,66
112.811.084;7,16;-54,03;0;35,97
112.821.612;4,39;-52,85;0,58;37,15
112.826.103;7,23;-52,45;0;37,55
112.832.671;7,11;-52,45;0;37,55
112.873.245;7,13;-51,17;0;38,83
112.877.767;7,42;-51,83;0;38,17
113.035.381;7,55;-50,65;0;39,35
113.039.587;7,45;-50,25;0;39,75
113.042.928;7,53;-49,81;0;40,19
113.111.819;7,53;-50,95;0;39,05
113.115.175;7,47;-48,41;0;41,59
113.274.115;7,61;-49,37;0;40,63
113.471.101;7,84;-47,53;0;42,47
113.475.484;7,83;-49,86;0;40,14
113.479.479;7,69;-48,05;0;41,95
113.482.779;8;-49,33;0;40,67
113.607.832;7,96;-48,98;0;41,02
113.614.217;8,2;-48,89;0,03;41,11
11.361.853;8,28;-47,57;0;42,43
113.622.107;7,87;-47,22;0;42,78
113.626.244;7,71;-50,47;0;39,53
113.693.693;8,23;-48,8;0;41,2
113.855.183;7,96;-48,8;0;41,2
11.385.958;8,5;-49,24;0;40,76
113.863.126;8,53;-26,56;0;63,44
113.866.917;8,75;-49,86;0;40,14
11.393.323;4,85;-26,3;0,54;63,7
114.097.752;4,83;-49,37;0,66;40,63
114.381.161;8,21;-50,21;0;39,79
114.389.362;8,88;-50,03;0,03;39,97
114.395.106;8,36;-49,06;0,01;40,94
114.401.242;8,58;-50,34;0;39,66
114.406.225;8,38;-50,34;0;39,66
11.441.124;8,57;-50,6;0;39,4
114.429.823;8,66;-50,38;0;39,62
114.439.102;8,88;-52,36;0;37,64
11.444.466;8,72;-51,66;0;38,34
114.520.756;8,69;-51,48;0;38,52
114.526.183;8,73;-51;0;39
11.467.807;8,87;-51,61;0;38,39
11.468.279;9,37;-52,14;0;37,86
114.686.233;9,02;-52,01;0;37,99
114.912.803;9,17;-53,64;0;36,36
11.510.167;8,96;-53,15;0;36,85
115.106.516;9,42;-51,79;0;38,21
115.109.932;9,26;-52,63;0;37,37
115.113.306;9,53;-53,68;0;36,32
115.117.287;9,8;-54,95;0;35,05
115.243.641;9,82;-53,11;0;36,89
115.248.878;9,26;-53,15;0;36,85
115.252.376;9,67;-53,72;0;36,28
115.256.415;9,6;-52,89;0;37,11
115.259.821;5,27;-28,8;0,58;61,2
115.336.728;9,57;-54,08;0;35,92
115.344.009;9,47;-54,43;0;35,57
115.498.021;10,41;-54,38;0,19;35,62
115.502.585;9,93;-53,99;0;36,01
115.506.078;10,19;-53,72;0;36,28
115.740.359;10,05;-55,17;0;34,83
115.988.005;9,97;-54,52;0;35,48
1.159.935;10,46;-53,94;0;36,06
11.599.744;9,87;-54,47;0;35,53
116.000.891;10,28;-53,02;0;36,98
116.005.019;10,66;-53,37;0;36,63
116.010.807;10,92;-55,22;0;34,78
116.014.386;10,81;-54,56;0;35,44
116.018.447;11,04;-54,52;0;35,48
116.065.374;10,14;-54,43;0;35,57
116.070.962;10,52;-54,08;0;35,92
116.074.898;10,91;-55;0;35
116.155.903;10,67;-53,77;0;36,23
116.160.696;10,75;-53,68;0;36,32
116.319.053;11,49;-54,65;0;35,35
116.323.343;11,32;-54,03;0;35,97
116.326.861;10,69;-52,93;0;37,07
116.554.781;11,54;-53,46;0;36,54
116.748.701;10,99;-54,03;0;35,97
116.753.325;5,91;-29,24;0;60,76
116.756.698;5,52;-29,99;0,46;60,01
116.760.021;11,38;-55,17;0;34,83
116.763.975;9,31;-54,56;0,62;35,44
116.886.779;11,76;-53,9;0,33;36,1
116.893.388;11,32;-54,25;0;35,75
116.897.609;11,24;-55,35;0;34,65
116.901.826;12,06;-54,78;0;35,22
11.690.611;12,17;-53,72;0;36,28
116.975.974;11,97;-54,65;0;35,35
116.980.808;11,6;-55,88;0;34,12
117.135.168;12,37;-54,3;0;35,7
117.139.793;11,6;-53,72;0;36,28
117.143.338;11,77;-54,95;0;35,05
1.172.151;13,53;-54,56;3,3;35,44
117.218.419;13,09;-54,74;3,3;35,26
11.737.906;12,92;-55,66;3,3;34,34
117.715.767;12,29;-54,16;3,3;35,84
117.723.556;12,28;-55;3,3;35
117.744.335;12,71;-55,26;3,3;34,74
117.753.686;12,47;-56,1;3,3;33,9
117.758.665;12,54;-55,83;3,3;34,17
117.763.617;13,33;-55,66;3,3;34,34
117.768.265;12,06;-58,69;3,3;31,31
117.772.814;12,46;-57,59;3,3;32,41
117.777.487;12,47;-33,06;3,3;56,94
11.781.746;4,81;-33,37;3,3;56,63
11.782.394;11,8;-58,78;3,3;31,22
117.919.162;12,38;-58,12;3,3;31,88
117.927.125;4,5;-59,35;3,3;30,65
117.979.063;12,14;-57,99;3,3;32,01
118.143.356;12,89;-57,86;3,3;32,14
118.442.939;12,33;-60,1;3,3;29,9
118.451.043;12,46;-62,25;3,3;27,75
118.457.256;12,09;-59,88;3,3;30,12
118.462.466;12,34;-61,59;3,3;28,41
118.465.929;12,02;-60,23;3,3;29,77
118.469.242;11,45;-60,41;3,3;29,59
118.472.524;12,22;-61,46;3,3;28,54
118.475.798;11,73;-61,81;3,3;28,19
118.479.223;11,38;-61,11;3,3;28,89
118.538.863;11,52;-61,28;3,3;28,72
118.629.698;12,28;-60,93;3,3;29,07
118.636.492;11,73;-61,02;3,3;28,98
118.792.557;11,55;-61,15;3,3;28,85
118.797.374;11,32;-60,32;3,3;29,68
11.880.095;11,27;-62,12;3,3;27,88
118.863.873;11,3;-61,33;3,3;28,67
118.869.471;11,39;-58,95;3,3;31,05
118.966.216;11,25;-61,02;3,3;28,98
119.212.714;11;-60,19;3,3;29,81
119.218.075;10,98;-34,95;3,3;55,05
119.221.747;11,29;-59,7;3,3;30,3
11.922.514;10,32;-60,19;3,3;29,81
119.269.005;2,96;-54,25;3,3;35,75
119.273.353;2,96;-59,04;3,3;30,96
119.276.744;10,73;-60,93;3,3;29,07
119.430.366;10,88;-59,7;3,3;30,3
119.434.668;10,62;-58,78;3,3;31,22
119.438.383;10,41;-58,78;3,3;31,22
119.596.859;9,84;-60,93;3,3;29,07
119.601.558;9,93;-61,55;3,3;28,45
119.605.021;10,5;-58,52;3,3;31,48
11.974.693;10,35;-58,12;3,3;31,88
11.995.799;10,13;-57,64;3,3;32,36
119.963.082;9,91;-57,59;3,3;32,41
119.967.269;10,06;-57,94;3,3;32,06
119.970.817;9,95;-56,19;3,3;33,81
119.974.126;9,57;-56,98;3,3;33,02
119.977.449;10,08;-57,42;3,3;32,58
120.068.673;9,93;-57,42;3,3;32,58
120.073.161;9,28;-57,37;3,3;32,63
120.076.553;9,73;-57,11;3,3;32,89
120.169.284;9,19;-57,28;3,3;32,72
120.175.522;9,22;-56,63;3,3;33,37
120.241.751;9,87;-57,37;3,3;32,63
120.433.376;9,16;-56,63;3,3;33,37
120.438.379;9,36;-35,39;3,3;54,61
120.441.846;9,22;-56,93;3,3;33,07
120.688.708;2,96;-31,44;3,3;58,56
120.693.585;2,96;-40,01;3,3;49,99
120.696.959;9,01;-55,75;3,3;34,25
120.700.182;9,29;-55,97;3,3;34,03
12.070.338;9,51;-56,27;3,3;33,73
120.751.539;8,89;-56,05;3,3;33,95
12.075.495;9,1;-56,41;3,3;33,59
120.758.392;9,05;-55,26;3,3;34,74
120.904.305;8,9;-55,88;3,3;34,12
120.908.699;8,65;-56,67;3,3;33,33
120.912.082;8,85;-55,92;3,3;34,08
120.991.969;9,03;-56,45;3,3;33,55
121.079.686;8,77;-55,79;3,3;34,21
121.083.214;8,47;-55,31;3,3;34,69
121.325.087;8,9;-55,22;3,3;34,78
121.516.967;8,2;-55,66;3,3;34,34
121.522.276;8,76;-55,13;3,3;34,87
12.152.569;8,28;-57,02;3,3;32,98
121.529.017;8,58;-54,43;3,3;35,57
121.532.981;8,41;-56,1;3,3;33,9
121.536.246;8,44;-54,95;3,3;35,05
121.539.631;7,98;-55,35;3,3;34,65
121.571.484;8,2;-54,43;3,3;35,57
121.577.682;8,2;-55,48;3,3;34,52
121.658.025;7,92;-56,01;3,3;33,99
121.663.115;8,2;-55,66;3,3;34,34
121.816.025;2,96;-31,61;3,3;58,39
121.820.468;7,93;-56,58;3,3;33,42
121.823.756;7,61;-55,97;3,3;34,03
121.906.528;7,93;-55,22;3,3;34,78
121.910.288;7,92;-55,79;3,3;34,21
122.062.975;7,55;-54,08;3,3;35,92
122.303.314;7,37;-56,49;3,3;33,51
122.307.833;7,82;-56,23;3,3;33,77
122.312.006;7,46;-55,88;3,3;34,12
122.315.325;7,45;-54,69;0;35,31
122.318.698;7,48;-55,97;0;34,03
122.321.949;7,22;-53,86;0;36,14
122.410.447;7,3;-54,95;0;35,05
122.414.972;7,17;-54,12;0;35,88
122.418.722;7,08;-53,9;0;36,1
122.560.805;6,96;-55,48;0;34,52
122.566.387;7,08;-54,56;0;35,44
122.571.002;7,2;-52,85;0;37,15
122.716.491;7,24;-53,11;0;36,89
12.272.077;7,09;-51,75;0;38,25
122.724.104;7,25;-51,79;0;38,21
122.891.612;6,99;-51,39;0;38,61
123.080.713;7,42;-52,19;0;37,81
123.085.874;7,34;-52,32;0;37,68
123.090.122;7,5;-50,43;0;39,57
123.093.846;7,21;-27,83;0;62,17
123.098.047;4,57;-27,88;0;62,12
123.102.082;7,46;-49,02;0;40,98
123.212.633;4,49;-48,8;0,59;41,2
123.220.483;7,48;-50,12;0,54;39,88
123.226.048;7,69;-48,89;0;41,11
123.371.751;7,59;-47,44;0;42,56
123.376.663;7,73;-48,85;0;41,15
123.380.486;8,2;-49,33;0;40,67
123.612.925;7,68;-49,33;0;40,67
123.858.353;8,38;-48,45;0;41,55
123.862.597;8,2;-48,71;0;41,29
123.866.097;8,07;-49,94;0;40,06
123.869.526;7,94;-48,32;0;41,68
123.873.582;7,99;-48,93;0;41,07
12.387.694;8,23;-50,82;0;39,18
12.388.067;8,06;-49,24;0;40,76
123.941.423;8,24;-49,72;0;40,28
123.947.075;8,53;-49,42;0;40,58
12.395.065;8,46;-48,93;0;41,07
124.036.087;8,5;-50,3;0;39,7
124.040.725;8,47;-50,47;0;39,53
124.195.057;8,34;-49,68;0;40,32
124.199.323;8,67;-49,59;0;40,41
12.420.289;8,73;-50,03;0;39,97
12.435.643;8,58;-51;0;39
124.552.275;8,48;-27,61;0;62,39
124.557.414;8,91;-50,6;0;39,4
124.561.233;8,73;-49,77;0;40,23
12.456.555;5,03;-51,61;0,61;38,39
124.569.266;9,1;-51,75;0;38,25
124.572.937;8,92;-48,23;0;41,77
124.692.087;8,88;-52,01;0;37,99
124.698.315;8,89;-51,35;0;38,65
124.701.867;8,69;-51,88;0;38,12
124.850.612;8,64;-52,58;0;37,42
124.855.542;9,22;-51,75;0;38,25
124.858.887;9,34;-53,72;0;36,28
124.862.266;9,46;-53,59;0;36,41
125.087.293;9,01;-53,15;0;36,85
125.351.442;9,1;-53,15;0;36,85
125.356.561;9,58;-52,93;0,03;37,07
1.253.602;9,11;-53,94;0;36,06
125.364.515;9,93;-54,16;0;35,84
125.368.684;9,57;-54,52;0;35,48
125.410.647;9,39;-54,43;0;35,57
125.416.937;9,64;-52,49;0;37,51
125.421.503;10,16;-53,99;0;36,01
125.425.363;9,45;-54,47;0;35,53
125.428.751;9,99;-53,81;0;36,19
125.486.909;10,11;-53,33;0;36,67
125.646.125;9,75;-55,57;0;34,43
125.650.609;10,38;-30,65;0;59,35
125.654.008;10,09;-53,64;0;36,36
12.580.955;5,33;-30,16;0,56;59,84
12.581.694;5,35;-53,42;0,61;36,58
125.821.044;10,69;-54,69;0;35,31
12.582.433;10,28;-55,26;0;34,74
126.035.217;10,4;-53,94;0;36,06
126.040.785;10,48;-53,9;0;36,1
12.604.494;10,57;-54,6;0;35,4
126.048.866;10,13;-54,56;0;35,44
126.136.632;11,09;-54,47;0;35,53
126.144.064;10,61;-54,03;0;35,97
126.288.463;10,4;-53,81;0;36,19
126.293.133;11,21;-54,6;0;35,4
126.296.539;10,81;-53,11;0;36,89
126.451.971;10,67;-53,99;0;36,01
126.455.987;10,89;-55,26;0;34,74
126.459.564;11,31;-53,55;0;36,45
126.463.286;11,33;-53,9;0;36,1
12.660.968;11,14;-54,95;0;35,05
126.849.571;11,02;-53,72;0;36,28
126.854.478;11,53;-54,65;0;35,35
126.859.886;10,88;-54,65;0;35,35
126.866.868;11,51;-54,08;0;35,92
126.872.751;11;-53,81;0;36,19
126.877.166;11,73;-53,46;0;36,54
126.880.874;12,46;-55,17;0;34,83
127.104.925;11,89;-55,17;0;34,83
127.110.635;5,72;-31,22;0,54;58,78
127.114.024;12,46;-54,16;0;35,84
127.117.412;12,46;-55,66;0;34,34
127.120.691;11,89;-53,72;0,17;36,28
12.725.942;12,69;-55;3,3;35
127.262.864;12,46;-55,75;3,3;34,25
127.266.153;13,36;-54,47;3,3;35,53
127.419.767;12,47;-54,3;3,3;35,7
127.605.514;12,89;-54,74;3,3;35,26
127.610.487;12,85;-56,01;3,3;33,99
127.614.582;12,46;-55,92;3,3;34,08
127.617.881;12,2;-57,2;3,3;32,8
127.621.127;13,09;-56,1;3,3;33,9
127.750.715;12,46;-57,28;3,3;32,72
127.755.711;12,74;-57,77;3,3;32,23
127.759.124;12,54;-57,06;3,3;32,94
127.762.428;12,08;-58,74;3,3;31,26
127.908.718;12,5;-57,5;3,3;32,5
127.913.338;11,69;-58,74;3,3;31,26
127.916.724;13,4;-58,78;3,3;31,22
127.989.117;12,27;-58,82;3,3;31,18
128.150.445;12,49;-60,01;3,3;29,99
128.388.722;11,49;-60,19;3,3;29,81
128.393.242;11,55;-59,44;3,3;30,56
128.396.615;11,99;-59,48;3,3;30,52
128.400.556;2,96;-34,12;3,3;55,88
128.403.941;2,96;-35,44;3,3;54,56
12.840.718;11,81;-61,99;3,3;28,01
128.500.446;9,81;-61,28;3,3;28,72
128.505.593;12,69;-61,2;3,3;28,8
128.509.074;11,37;-62,08;3,3;27,92
128.512.828;11,84;-61,28;3,3;28,72
128.634.633;11,08;-61,15;3,3;28,85
128.639.262;11,86;-61,46;3,3;28,54
128.791.473;11,73;-61,33;3,3;28,67
128.796.502;11,38;-61,64;3,3;28,36
128.799.966;10,89;-59,53;3,3;30,47
1.290.389;11,61;-60,19;3,3;29,81
129.238.127;11,56;-60,19;3,3;29,81
129.244.049;11,48;-60,19;3,3;29,81
129.247.636;10,83;-60,41;3,3;29,59
129.251.033;10,75;-61,5;3,3;28,5
129.255.133;10,8;-60,93;3,3;29,07
129.258.522;10,56;-60,45;3,3;29,55
129.261.932;10,69;-59,61;3,3;30,39
129.265.208;10,97;-60,93;3,3;29,07
129.374.336;10,24;-59,17;3,3;30,83
129.379.089;10,41;-59,17;3,3;30,83
129.382.595;10,21;-58,95;3,3;31,05
129.527.984;10,42;-59,22;3,3;30,78
129.532.411;10,6;-34,3;3,3;55,7
129.535.736;4,31;-33,86;3,3;56,14
129.620.482;9,96;-58,78;3,3;31,22
129.623.999;9,88;-57,86;3,3;32,14
129.703.451;4,19;-58,74;3,3;31,26
129.706.973;9,72;-57,72;3,3;32,28
129.861.705;9,75;-56,71;3,3;33,29
130.137.209;9,99;-59,92;3,3;30,08
130.142.387;10,09;-57,99;3,3;32,01
130.148.867;9,76;-56,76;3,3;33,24
130.155.165;9,6;-58,21;3,3;31,79
130.161.493;9,97;-56,85;3,3;33,15
13.016.822;9,45;-56,71;3,3;33,29
130.175.396;9,35;-57,37;3,3;32,63
13.019.531;9,73;-57,28;3,3;32,72
130.294.807;9,31;-57,86;3,3;32,14
130.302.761;9,33;-56,71;3,3;33,29
130.437.815;9,6;-56,27;3,3;33,73
130.443.982;9,2;-56,71;3,3;33,29
130.448.996;9,15;-55,97;3,3;34,03
130.522.166;9,57;-56,05;3,3;33,95
130.526.939;8,99;-56,71;3,3;33,29
130.768.265;9,16;-54,6;3,3;35,4
130.970.968;9,1;-55,44;3,3;34,56
130.976.704;9,21;-55,92;3,3;34,08
130.980.515;8,98;-55,31;3,3;34,69
130.985.352;8,6;-34,08;3,3;55,92
130.992.067;8,61;-55,88;3,3;34,12
130.998.328;8,28;-55,97;3,3;34,03
131.004.471;2,96;-49,37;3,3;40,63
131.092.171;2,96;-54,56;3,3;35,44
131.097.185;8,5;-56,05;3,3;33,95
131.100.749;8,55;-55,04;3,3;34,96
131.250.482;8,46;-56,01;3,3;33,99
131.255.969;8,45;-56,54;3,3;33,46
131.259.387;8,25;-55,53;3,3;34,47
131.262.705;8,47;-55,97;3,3;34,03
131.328.637;8,2;-56,76;3,3;33,24
131.486.774;8,27;-55,79;3,3;34,21
131.722.719;8,51;-55,26;3,3;34,74
131.727.006;7,93;-55,7;3,3;34,3
131.731.005;8,29;-57,15;3,3;32,85
131.734.328;8,02;-54,65;3,3;35,35
131.737.717;8,05;-55,92;3,3;34,08
131.741.114;8,2;-55,48;3,3;34,52
13.181.906;7,79;-54,78;3,3;35,22
131.825.561;7,8;-55,09;3,3;34,91
131.830.819;8,07;-56,01;3,3;33,99
13.191.546;7,5;-56,23;3,3;33,77
131.920.179;7,88;-55,48;3,3;34,52
132.074.183;7,31;-55,83;3,3;34,17
132.078.976;7,47;-56,19;3,3;33,81
13.208.232;7,23;-34,25;3,3;55,75
132.225.317;7,38;-56,23;3,3;33,77
132.436.555;4,53;-31,04;0;58,96
132.442.899;4,53;-43,48;0,57;46,52
132.448.056;7,21;-55,04;0;34,96
132.452.783;7,2;-54,47;0;35,53
132.460.235;7,06;-54,08;0;35,92
132.468.624;6,9;-54,25;0;35,75
132.570.944;6,96;-53,42;0;36,58
132.576.895;7,12;-54,38;0;35,62
132.581.311;7,33;-53,15;0;36,85
132.726.112;7,16;-53,02;0;36,98
132.730.142;7,14;-51,75;0;38,25
132.733.813;7,29;-51,79;0;38,21
132.807.676;7,26;-52,49;0;37,51
132.811.031;7,16;-52,01;0;37,99
132.969.146;7,25;-50,47;0;39,53
133.211.519;7,41;-51,31;0;38,69
133.215.703;7,32;-50,47;0;39,53
133.219.707;7,44;-49,37;0;40,63
133.223.019;7,46;-52,27;0;37,73
133.228.818;7,55;-49,33;0;40,67
133.234.628;7,64;-48,23;0;41,77
133.306.399;7,38;-49,72;0;40,28
133.314.733;7,58;-48,32;0;41,68
133.325.256;7,61;-50,03;0;39,97
133.394.028;7,9;-49,5;0;40,5
133.558.636;7,88;-49,11;0;40,89
133.562.749;4,69;-26,65;0;63,35
13.356.626;7,8;-49,24;0;40,76
133.569.773;8,2;-49,42;0;40,58
133.802.302;8,2;-48,45;0,55;41,55
134.024.394;8,05;-49,37;0;40,63
134.028.547;8,05;-48,8;0;41,2
134.031.816;8,2;-50,16;0;39,84
134.035.278;8,2;-51,31;0;38,69
134.039.584;8,09;-50,21;0;39,79
134.044.851;8,43;-50,03;0;39,97
134.051.849;8,6;-49,86;0;40,14
134.055.368;8,49;-50,12;0;39,88
134.142.179;8,76;-50,74;0;39,26
134.149.153;8,2;-50,25;0;39,75
134.226.515;8,35;-50,74;0;39,26
134.231.215;8,78;-48,93;0;41,07
134.383.063;8,45;-50,08;0;39,92
134.386.932;8,53;-49,72;0;40,28
13.439.026;8,66;-51,97;0;38,03
134.472.879;8,59;-50,65;0;39,35
134.477.365;8,65;-50,16;0;39,84
134.626.721;9;-51,17;0;38,83
134.909.626;8,74;-51,57;0;38,43
134.915.377;8,86;-52,85;0;37,15
134.919.749;8,99;-51,7;0;38,3
134.923.113;9,42;-27,83;0;62,17
134.926.426;4,99;-27,53;0;62,47
134.929.713;9,72;-52,14;0;37,86
134.962.224;5,14;-51,79;0,63;38,21
134.965.762;8,94;-53,02;0,57;36,98
134.969.096;9,74;-50,25;0;39,75
135.036.575;9,57;-52,76;0;37,24
135.208.357;9,55;-53,64;0;36,36
135.213.725;9,61;-52,19;0;37,81
135.218.121;9,51;-53,9;0;36,1
135.221.554;9,71;-53,02;0;36,98
135.363.117;9,48;-52,89;0;37,11
135.369.879;9,85;-53,99;0;36,01
135.376.012;9,9;-53,59;0;36,41
135.639.099;9,77;-53,59;0;36,41
135.646.384;10,21;-54,16;0;35,84
135.652.213;9,95;-54,56;0;35,44
135.656.802;10,22;-54,38;0;35,62
135.693.969;10,34;-54,34;0;35,66
135.700.112;9,93;-53,9;0;36,1
135.774.633;10,77;-54,38;0;35,62
135.783.245;10,04;-54,52;0;35,48
135.859.175;10,11;-55,57;0;34,43
135.869.199;10,14;-54,25;0;35,75
136.021.253;10,2;-54,78;0;35,22
136.026.939;10,54;-54,56;0;35,44
136.030.361;10,18;-30,56;0;59,44
136.098.487;10,38;-53,99;0;36,01
136.379.864;10,85;-54,82;0;35,18
136.385.065;5,48;-54,6;0,53;35,4
136.388.739;10,82;-53,94;0;36,06
136.392.296;11,29;-53,86;0;36,14
136.428.866;10,94;-53,46;0;36,54
136.432.666;11,09;-55,04;0;34,96
136.435.978;10,85;-53,72;0;36,28
136.514.658;11,32;-53,94;0,25;36,06
136.518.807;10,81;-54,78;0;35,22
136.683.743;11,41;-56,54;0;33,46
136.693.087;11,32;-53,2;0;36,8
136.696.665;11,32;-54,95;0;35,05
136.836.677;11,91;-54,47;0;35,53
13.684.108;11,99;-53,33;0;36,67
136.844.417;11,9;-54,12;0;35,88
137.081.276;12,06;-54,87;0;35,13
137.282.228;11,57;-53,81;0;36,19
137.290.331;12,31;-54,38;0;35,62
137.296.608;12,34;-54,69;0;35,31
137.301.256;12,19;-54,25;0;35,75
137.305.345;12,2;-55,39;0;34,61
137.308.837;12,47;-53,2;3,3;36,8
137.334.409;12,4;-53,81;3,3;36,19
137.339.026;12,54;-45,86;3,3;44,14
137.342.416;12,53;-30,78;3,3;59,22
137.414.449;12,46;-54,25;3,3;35,75
137.421.949;2,96;-31,57;3,3;58,43
137.574.022;2,96;-54,69;3,3;35,31
137.578.823;13,17;-56,27;3,3;33,73
137.582.179;13,21;-55,88;3,3;34,12
137.661.173;12,92;-56,54;3,3;33,46
137.664.565;12,32;-58,08;3,3;31,92
137.913.006;12,19;-58,74;3,3;31,26
138.168.925;13,02;-58,56;3,3;31,44
138.177.148;11,86;-57,42;3,3;32,58
138.183.679;11,99;-60,93;3,3;29,07
138.189.117;11,69;-59,75;3,3;30,25
13.819.588;12,25;-59,39;3,3;30,61
138.240.209;12,25;-59,7;3,3;30,3
138.248.049;11,6;-60,93;3,3;29,07
138.253.853;12,17;-58,38;3,3;31,62
138.259.138;11,89;-61,5;3,3;28,5
138.264.362;12,46;-61,86;3,3;28,14
138.318.456;12,06;-61,59;3,3;28,41
138.325.857;12,25;-61,64;3,3;28,36
138.484.679;12,22;-61,64;3,3;28,36
13.848.918;11,55;-61,46;3,3;28,54
138.492.531;11,9;-60,27;3,3;29,73
138.561.779;11,63;-60,1;3,3;29,9
138.565.166;12,06;-60,93;3,3;29,07
138.723.385;10,75;-60,93;3,3;29,07
138.916.342;11,2;-60,45;3,3;29,55
138.920.793;2,96;-33,37;3,3;56,63
13.892.478;11,17;-60,93;3,3;29,07
138.928.057;10,98;-61,46;3,3;28,54
139.067.368;11,32;-60,93;3,3;29,07
139.073.979;10,77;-61,55;3,3;28,45
139.079.307;11,2;-61,55;3,3;28,45
139.082.652;11,08;-62,12;3,3;27,88
139.086.172;11,25;-59,66;3,3;30,34
139.137.347;10,61;-59,79;3,3;30,21
139.298.094;10,73;-60,41;3,3;29,59
139.302.775;10,75;-60,32;3,3;29,68
139.306.259;10,28;-59,04;3,3;30,96
139.373.599;10,25;-60,93;3,3;29,07
13.937.697;10,09;-58,69;3,3;31,31
139.533.064;10,38;-60,23;3,3;29,77
139.820.042;10,42;-59,31;3,3;30,69
139.827.209;10,28;-59,04;3,3;30,96
139.833.927;9,77;-58,34;3,3;31,66
139.838.512;9,82;-59,26;3,3;30,74
139.843.148;10,2;-57,94;3,3;32,06
139.849.034;10,06;-58,3;3,3;31,7
139.887.596;9,91;-57,64;3,3;32,36
139.895.058;9,64;-57,64;3,3;32,36
139.901.016;9,7;-56,98;3,3;33,02
139.958.822;9,82;-57,11;3,3;32,89
139.965.117;2,96;-32,89;3,3;57,11
140.120.249;2,96;-32,05;3,3;57,95
140.125.068;9,57;-57,33;3,3;32,67
14.012.853;8,85;-56,8;3,3;33,2
140.361.263;9,54;-57,81;3,3;32,19
140.578.196;9,22;-57,2;3,3;32,8
140.583.023;9,33;-56,01;3,3;33,99
140.586.347;9,09;-55,97;3,3;34,03
140.589.766;8,86;-55,09;3,3;34,91
140.593.711;8,99;-56,36;3,3;33,64
140.596.991;8,89;-55,26;3,3;34,74
140.600.219;8,99;-57,24;3,3;32,76
140.699.571;8,65;-56,67;3,3;33,33
140.705.996;8,89;-56,27;3,3;33,73
140.711.028;8,73;-55,83;3,3;34,17
140.854.645;8,68;-56,76;3,3;33,24
140.859.248;8,63;-55,83;3,3;34,17
140.862.646;8,86;-56,1;3,3;33,9
140.866.139;8,76;-55,97;3,3;34,03
140.935.723;8,66;-55,83;3,3;34,17
141.185.972;8,5;-55,75;3,3;34,25
14.143.011;8,45;-56,01;3,3;33,99
141.436.366;8,73;-56,36;3,3;33,64
141.441.158;8,53;-55,66;3,3;34,34
141.445.112;8,31;-55,92;3,3;34,08
14.144.923;8,48;-31,53;3,3;58,47
141.452.945;2,96;-31,31;3,3;58,69
141.456.382;8,47;-55,35;3,3;34,65
141.508.238;8,51;-56,54;3,3;33,46
141.513.829;6,94;-56,1;3,3;33,9
14.151.735;8;-57,59;3,3;32,41
141.520.765;8,08;-57,33;3,3;32,67
141.600.649;8,3;-55,53;3,3;34,47
141.605.723;7,89;-56,58;3,3;33,42
141.761.419;7,92;-55,92;3,3;34,08
141.768.593;8,01;-55,13;3,3;34,87
14.177.264;7,9;-56,05;3,3;33,95
14.183.719;7,97;-55,31;3,3;34,69
141.999.464;7,6;-56,1;3,3;33,9
142.188.727;7,6;-55,66;3,3;34,34
142.193.685;7,36;-56,36;3,3;33,64
142.197.115;7,39;-55,88;3,3;34,12
142.201.144;7,42;-56,19;3,3;33,81
142.317.686;7,42;-55,17;3,3;34,83
142.324.599;7,3;-56,1;0;33,9
142.331.032;7,34;-55,83;0;34,17
142.337.168;7,16;-55;0;35
142.343.464;7,07;-60,93;0;29,07
142.422.764;7,07;-55,48;0;34,52
142.427.646;6,89;-55;0;35
142.584.999;6,98;-54,3;0;35,7
142.590.411;6,96;-32,23;0;57,77
142.594.831;6,84;-54,52;0;35,48
142.663.103;6,89;-53,42;0;36,58
142.666.602;4,26;-51,17;0,52;38,83
142.920.101;5,63;-52,36;0,54;37,64
14.292.781;7,19;-52,58;0;37,42
142.934.083;7,23;-51,88;0;38,12
142.997.916;7,3;-51,7;0;38,3
143.002.615;7,47;-51,17;0;38,83
143.006.013;7,31;-49,72;0;40,28
143.078.581;7,13;-50,74;0;39,26
143.085.288;7,76;-48,63;0;41,37
143.239.995;7,22;-48,63;0;41,37
143.244.252;7,29;-49,33;0;40,67
143.247.581;7,55;-50,38;0;39,62
143.417.707;7,83;-48,89;0;41,11
143.628.895;7,63;-47,13;0;42,87
143.634.224;7,88;-48,05;0;41,95
143.640.061;7,55;-48,93;0;41,07
143.644.426;7,89;-49,77;0;40,23
143.648.159;8;-48,71;0;41,29
143.651.732;7,73;-48,89;0;41,11
143.655.249;7,8;-48,93;0;41,07
143.739.821;7,9;-48,93;0;41,07
143.745.961;8,28;-49,37;0;40,63
143.897.084;8,21;-49,72;0;40,28
143.901.916;8,29;-27,44;0;62,56
143.905.286;8,85;-49,46;0;40,54
144.139.927;4,74;-26,52;0,44;63,48
144.392.271;4,71;-46,38;0,57;43,62
144.397.145;8,39;-50,08;0;39,92
144.400.488;8,2;-50,38;0;39,62
144.404.122;8,47;-49,59;0;40,41
144.408.214;8,34;-50,21;0;39,79
144.412.602;8,55;-49,33;0;40,67
144.419.204;8,57;-50,38;0;39,62
144.425.018;8,58;-51,57;0;38,43
144.478.588;8,51;-51,48;0;38,52
144.486.997;8,39;-50,74;0;39,26
144.493.731;8,97;-51,35;0;38,65
144.554.065;8,86;-50,87;0;39,13
144.561.369;8,77;-51,09;0;38,91
14.471.644;8,64;-51,79;0;38,21
144.721.255;8,94;-51,75;0;38,25
14.472.464;9,05;-52,14;0;37,86
144.957.825;9,25;-52,58;0;37,42
14.516.202;8,74;-51,57;0;38,43
145.166.842;8,95;-52,71;0;37,29
145.170.868;9,41;-52,19;0;37,81
145.174.365;9,13;-52,41;0,09;37,59
14.517.869;9,53;-53,86;0;36,14
145.181.989;9,21;-53,24;0;36,76
145.185.216;9,68;-52,63;0;37,37
145.295.618;9,2;-54,25;0;35,75
145.301.539;5,27;-29,94;0,22;60,06
145.306.207;9,58;-54,6;0;35,4
145.452.203;9,58;-53,77;0;36,23
145.456.847;9,97;-52,71;0,5;37,29
14.546.056;9,79;-53,9;0;36,1
14.546.392;9,73;-54,25;0;35,75
145.541.091;10,03;-55,04;0;34,96
145.621.812;10,37;-53,68;0;36,32
14.562.523;10,09;-55,35;0;34,65
145.785.386;10,6;-53,28;0;36,72
146.040.712;10,57;-53,15;0;36,85
146.045.252;10,08;-54,52;0;35,48
146.049.404;10,22;-54,56;0;35,44
14.605.275;10,06;-55,13;0;34,87
146.058.043;10,48;-54,43;0;35,57
146.113.226;10,27;-54,65;0;35,35
146.120.674;10,58;-54,6;0;35,4
146.129.796;11,02;-54,16;0;35,84
146.135.355;11,01;-54,3;0;35,7
146.204.443;10,32;-54,56;0;35,44
146.210.409;11,07;-54,34;0;35,66
146.362.567;10,96;-53,64;0;36,36
146.367.037;10,8;-52,49;0;37,51
146.370.968;10,67;-54,56;0;35,44
146.438.599;10,98;-54,56;0;35,44
146.603.035;9,41;-29,37;0;60,63
146.797.861;5,52;-30,65;0;59,35
146.803.732;10,72;-54,43;0;35,57
146.807.513;5,62;-54,65;0,66;35,35
146.812.013;11,23;-54,65;0,59;35,35
146.815.362;11,3;-54,87;0;35,13
146.818.696;11,36;-54,25;0;35,75
146.944.201;11,37;-54,95;0;35,05
146.949.047;11,34;-53,33;0;36,67
146.953.925;11,35;-54,56;0;35,44
147.099.815;11,97;-54,12;0;35,88
147.104.307;12,45;-54,69;0;35,31
147.107.645;11,95;-55,88;0;34,12
147.111.094;12,07;-54,78;0;35,22
147.266.112;12,45;-55,44;3,3;34,56
14.726.953;12,74;-53,24;3,3;36,76
14.727.294;12,14;-55,13;3,3;34,87
14.742.073;11,98;-55,48;3,3;34,52
147.678.171;12,25;-52,71;3,3;37,29
147.686.085;12,5;-55,75;3,3;34,25
147.693.279;13,18;-57,37;3,3;32,63
147.698.962;12,84;-55,7;3,3;34,3
147.702.722;12,89;-56,93;3,3;33,07
147.748.341;11,74;-57,55;3,3;32,45
147.754.001;12,71;-57,37;3,3;32,63
147.758.154;12,33;-58,78;3,3;31,22
14.783.766;12,91;-33,86;3,3;56,14
14.784.238;12,46;-60,93;3,3;29,07
148.002.397;12,29;-59,22;3,3;30,78
148.009.814;2,96;-59,92;3,3;30,08
148.013.229;11,81;-58,21;3,3;31,79
148.241.358;12,31;-59,75;3,3;30,25
148.439.632;11,53;-59,26;3,3;30,74
148.444.377;11,89;-59,48;3,3;30,52
148.447.949;11,86;-59,79;3,3;30,21
148.451.293;12,02;-60,98;3,3;29,02
1.484.559;11,76;-60,93;3,3;29,07
148.459.668;11,62;-61,55;3,3;28,45
148.462.938;11,98;-61,59;3,3;28,41
148.466.384;11,71;-61,28;3,3;28,72
148.494.654;11,08;-59,88;3,3;30,12
148.580.145;11,24;-62,34;3,3;27,66
148.588.404;11,52;-61,59;3,3;28,41
148.659.467;10,91;-61,64;3,3;28,36
148.667.508;10,97;-61,46;3,3;28,54
148.821.919;10,73;-61,64;3,3;28,36
148.826.674;10,6;-60,27;3,3;29,73
148.830.104;11,09;-61,86;3,3;28,14
149.064.206;11,01;-62,21;3,3;27,79
149.322.656;10,85;-61,15;3,3;28,85
149.327.789;11,16;-60,1;3,3;29,9
149.331.828;10,66;-56,05;3,3;33,95
149.335.471;11;-35,53;3,3;54,47
14.934.196;10,62;-58,78;3,3;31,22
149.393.322;2,96;-35,26;3,3;54,74
14.940.092;2,96;-58,87;3,3;31,13
149.407.072;10,37;-60,49;3,3;29,51
149.413.054;10,2;-59,66;3,3;30,34
149.419.097;10,76;-59,53;3,3;30,47
149.479.008;10,09;-59,31;3,3;30,69
149.483.587;10,31;-57,99;3,3;32,01
149.640.675;10,07;-58,78;3,3;31,22
149.645.814;10,23;-57,68;3,3;32,32
149.649.254;10,36;-59,61;3,3;30,39
14.972.179;10,08;-58,03;3,3;31,97
149.726.352;9,81;-58,65;3,3;31,35
149.888.854;9,87;-57,86;3,3;32,14
