2026-08-19 22:38:13,833 INFO  Logger.cs: 70 - 
--------------------------------------------------------------------------------
2026-08-19 22:38:13,858 INFO  Logger.cs: 71 - Logging commencing for SW2URDF exporter
2026-08-19 22:38:13,859 INFO  Logger.cs: 73 - Commit version 1.6.0-4-g7f85cfe
2026-08-19 22:38:13,860 INFO  Logger.cs: 74 - Build version 1.6.7995.38578
2026-08-19 22:38:13,862 INFO  SwAddin.cs: 192 - Attempting to connect to SW
2026-08-19 22:38:13,863 INFO  SwAddin.cs: 197 - Setting up callbacks
2026-08-19 22:38:13,864 INFO  SwAddin.cs: 201 - Setting up command manager
2026-08-19 22:38:13,865 INFO  SwAddin.cs: 204 - Adding command manager
2026-08-19 22:38:13,869 INFO  SwAddin.cs: 263 - Adding Assembly export to file menu
2026-08-19 22:38:13,870 INFO  SwAddin.cs: 272 - Adding Part export to file menu
2026-08-19 22:38:13,871 INFO  SwAddin.cs: 210 - Adding event handlers
2026-08-19 22:38:13,874 INFO  SwAddin.cs: 217 - Connecting plugin to SolidWorks
2026-08-19 22:39:46,609 INFO  SwAddin.cs: 294 - Assembly export called for file EnsamblajeURDFPRIMO
2026-08-19 22:39:48,078 INFO  SwAddin.cs: 313 - Saving assembly
2026-08-19 22:39:48,444 INFO  SwAddin.cs: 316 - Opening property manager
2026-08-19 22:39:48,457 INFO  ExportHelperExtension.cs: 1125 - Retrieving features of type [CoordSys] from EnsamblajeURDFPRIMO
2026-08-19 22:39:48,464 INFO  ExportHelperExtension.cs: 1136 - Found 27 in EnsamblajeURDFPRIMO
2026-08-19 22:39:48,465 INFO  ExportHelperExtension.cs: 1145 - Found 0 features of type [CoordSys] in EnsamblajeURDFPRIMO
2026-08-19 22:39:48,466 INFO  ExportHelperExtension.cs: 1148 - Proceeding through assembly components
2026-08-19 22:39:48,469 INFO  ExportHelperExtension.cs: 1160 - 2 components to check
2026-08-19 22:39:48,471 INFO  ExportHelperExtension.cs: 1125 - Retrieving features of type [CoordSys] from ENSAMBLAJEBRAZOFINALSLDASM-1
2026-08-19 22:39:48,472 INFO  ExportHelperExtension.cs: 1136 - Found 149 in ENSAMBLAJEBRAZOFINALSLDASM-1
2026-08-19 22:39:48,473 INFO  ExportHelperExtension.cs: 1145 - Found 0 features of type [CoordSys] in ENSAMBLAJEBRAZOFINALSLDASM-1
2026-08-19 22:39:48,474 INFO  ExportHelperExtension.cs: 1125 - Retrieving features of type [CoordSys] from Assembly 2.0 upload.stp-1
2026-08-19 22:39:48,475 INFO  ExportHelperExtension.cs: 1136 - Found 47 in Assembly 2.0 upload.stp-1
2026-08-19 22:39:48,475 INFO  ExportHelperExtension.cs: 1145 - Found 0 features of type [CoordSys] in Assembly 2.0 upload.stp-1
2026-08-19 22:39:48,476 INFO  ExportHelperExtension.cs: 1125 - Retrieving features of type [RefAxis] from EnsamblajeURDFPRIMO
2026-08-19 22:39:48,477 INFO  ExportHelperExtension.cs: 1136 - Found 27 in EnsamblajeURDFPRIMO
2026-08-19 22:39:48,477 INFO  ExportHelperExtension.cs: 1145 - Found 0 features of type [RefAxis] in EnsamblajeURDFPRIMO
2026-08-19 22:39:48,478 INFO  ExportHelperExtension.cs: 1148 - Proceeding through assembly components
2026-08-19 22:39:48,478 INFO  ExportHelperExtension.cs: 1160 - 2 components to check
2026-08-19 22:39:48,479 INFO  ExportHelperExtension.cs: 1125 - Retrieving features of type [RefAxis] from ENSAMBLAJEBRAZOFINALSLDASM-1
2026-08-19 22:39:48,480 INFO  ExportHelperExtension.cs: 1136 - Found 149 in ENSAMBLAJEBRAZOFINALSLDASM-1
2026-08-19 22:39:48,481 INFO  ExportHelperExtension.cs: 1145 - Found 0 features of type [RefAxis] in ENSAMBLAJEBRAZOFINALSLDASM-1
2026-08-19 22:39:48,482 INFO  ExportHelperExtension.cs: 1125 - Retrieving features of type [RefAxis] from Assembly 2.0 upload.stp-1
2026-08-19 22:39:48,483 INFO  ExportHelperExtension.cs: 1136 - Found 47 in Assembly 2.0 upload.stp-1
2026-08-19 22:39:48,484 INFO  ExportHelperExtension.cs: 1145 - Found 0 features of type [RefAxis] in Assembly 2.0 upload.stp-1
2026-08-19 22:39:49,096 INFO  SwAddin.cs: 339 - Loading config tree
2026-08-19 22:39:49,100 INFO  ExportPropertyManagerExtension.cs: 520 - Starting new configuration
2026-08-19 22:39:49,104 INFO  SwAddin.cs: 344 - Showing property manager
2026-08-19 22:44:06,144 INFO  ExportPropertyManager.cs: 1018 - OnComboboxSelectionChanged called. This method no longer throws an Exception. It just silently does nothing. Ok, except for this logging message
2026-08-19 22:48:48,807 INFO  ExportPropertyManager.cs: 416 - Configuration canceled
2026-08-19 22:48:48,900 INFO  ExportPropertyManager.cs: 1142 - AfterClose called. This method no longer throws an Exception. It just silently does nothing. Ok, except for this logging message
2026-08-19 22:52:42,954 INFO  SwAddin.cs: 294 - Assembly export called for file EnsamblajeURDFPRIMO
2026-08-19 22:52:44,419 INFO  SwAddin.cs: 313 - Saving assembly
2026-08-19 22:52:44,764 INFO  SwAddin.cs: 316 - Opening property manager
2026-08-19 22:52:44,765 INFO  ExportHelperExtension.cs: 1125 - Retrieving features of type [CoordSys] from EnsamblajeURDFPRIMO
2026-08-19 22:52:44,766 INFO  ExportHelperExtension.cs: 1136 - Found 27 in EnsamblajeURDFPRIMO
2026-08-19 22:52:44,767 INFO  ExportHelperExtension.cs: 1145 - Found 0 features of type [CoordSys] in EnsamblajeURDFPRIMO
2026-08-19 22:52:44,768 INFO  ExportHelperExtension.cs: 1148 - Proceeding through assembly components
2026-08-19 22:52:44,769 INFO  ExportHelperExtension.cs: 1160 - 2 components to check
2026-08-19 22:52:44,770 INFO  ExportHelperExtension.cs: 1125 - Retrieving features of type [CoordSys] from ENSAMBLAJEBRAZOFINALSLDASM-1
2026-08-19 22:52:44,771 INFO  ExportHelperExtension.cs: 1136 - Found 149 in ENSAMBLAJEBRAZOFINALSLDASM-1
2026-08-19 22:52:44,772 INFO  ExportHelperExtension.cs: 1145 - Found 0 features of type [CoordSys] in ENSAMBLAJEBRAZOFINALSLDASM-1
2026-08-19 22:52:44,774 INFO  ExportHelperExtension.cs: 1125 - Retrieving features of type [CoordSys] from Assembly 2.0 upload.stp-1
2026-08-19 22:52:44,775 INFO  ExportHelperExtension.cs: 1136 - Found 47 in Assembly 2.0 upload.stp-1
2026-08-19 22:52:44,776 INFO  ExportHelperExtension.cs: 1145 - Found 0 features of type [CoordSys] in Assembly 2.0 upload.stp-1
2026-08-19 22:52:44,777 INFO  ExportHelperExtension.cs: 1125 - Retrieving features of type [RefAxis] from EnsamblajeURDFPRIMO
2026-08-19 22:52:44,777 INFO  ExportHelperExtension.cs: 1136 - Found 27 in EnsamblajeURDFPRIMO
2026-08-19 22:52:44,778 INFO  ExportHelperExtension.cs: 1145 - Found 0 features of type [RefAxis] in EnsamblajeURDFPRIMO
2026-08-19 22:52:44,779 INFO  ExportHelperExtension.cs: 1148 - Proceeding through assembly components
2026-08-19 22:52:44,779 INFO  ExportHelperExtension.cs: 1160 - 2 components to check
2026-08-19 22:52:44,779 INFO  ExportHelperExtension.cs: 1125 - Retrieving features of type [RefAxis] from ENSAMBLAJEBRAZOFINALSLDASM-1
2026-08-19 22:52:44,780 INFO  ExportHelperExtension.cs: 1136 - Found 149 in ENSAMBLAJEBRAZOFINALSLDASM-1
2026-08-19 22:52:44,781 INFO  ExportHelperExtension.cs: 1145 - Found 0 features of type [RefAxis] in ENSAMBLAJEBRAZOFINALSLDASM-1
2026-08-19 22:52:44,782 INFO  ExportHelperExtension.cs: 1125 - Retrieving features of type [RefAxis] from Assembly 2.0 upload.stp-1
2026-08-19 22:52:44,784 INFO  ExportHelperExtension.cs: 1136 - Found 47 in Assembly 2.0 upload.stp-1
2026-08-19 22:52:44,785 INFO  ExportHelperExtension.cs: 1145 - Found 0 features of type [RefAxis] in Assembly 2.0 upload.stp-1
2026-08-19 22:52:45,026 INFO  SwAddin.cs: 339 - Loading config tree
2026-08-19 22:52:45,027 INFO  ExportPropertyManagerExtension.cs: 520 - Starting new configuration
2026-08-19 22:52:45,034 INFO  SwAddin.cs: 344 - Showing property manager
2026-08-19 22:52:58,794 INFO  ExportPropertyManager.cs: 1136 - OnNumberBoxTrackingCompleted called. This method no longer throws an Exception. It just silently does nothing. Ok, except for this logging message
2026-08-19 22:54:00,113 INFO  ExportPropertyManager.cs: 1136 - OnNumberBoxTrackingCompleted called. This method no longer throws an Exception. It just silently does nothing. Ok, except for this logging message
2026-08-19 22:54:19,649 INFO  ExportPropertyManager.cs: 416 - Configuration canceled
2026-08-19 22:54:19,737 INFO  ExportPropertyManager.cs: 1142 - AfterClose called. This method no longer throws an Exception. It just silently does nothing. Ok, except for this logging message
2026-08-19 22:55:03,704 INFO  SwAddin.cs: 294 - Assembly export called for file EnsamblajeURDFPRIMO
2026-08-19 22:55:05,002 INFO  SwAddin.cs: 313 - Saving assembly
2026-08-19 22:55:05,302 INFO  SwAddin.cs: 316 - Opening property manager
2026-08-19 22:55:05,303 INFO  ExportHelperExtension.cs: 1125 - Retrieving features of type [CoordSys] from EnsamblajeURDFPRIMO
2026-08-19 22:55:05,304 INFO  ExportHelperExtension.cs: 1136 - Found 27 in EnsamblajeURDFPRIMO
2026-08-19 22:55:05,305 INFO  ExportHelperExtension.cs: 1145 - Found 0 features of type [CoordSys] in EnsamblajeURDFPRIMO
2026-08-19 22:55:05,305 INFO  ExportHelperExtension.cs: 1148 - Proceeding through assembly components
2026-08-19 22:55:05,306 INFO  ExportHelperExtension.cs: 1160 - 2 components to check
2026-08-19 22:55:05,307 INFO  ExportHelperExtension.cs: 1125 - Retrieving features of type [CoordSys] from ENSAMBLAJEBRAZOFINALSLDASM-1
2026-08-19 22:55:05,308 INFO  ExportHelperExtension.cs: 1136 - Found 149 in ENSAMBLAJEBRAZOFINALSLDASM-1
2026-08-19 22:55:05,310 INFO  ExportHelperExtension.cs: 1145 - Found 0 features of type [CoordSys] in ENSAMBLAJEBRAZOFINALSLDASM-1
2026-08-19 22:55:05,311 INFO  ExportHelperExtension.cs: 1125 - Retrieving features of type [CoordSys] from Assembly 2.0 upload.stp-1
2026-08-19 22:55:05,312 INFO  ExportHelperExtension.cs: 1136 - Found 47 in Assembly 2.0 upload.stp-1
2026-08-19 22:55:05,314 INFO  ExportHelperExtension.cs: 1145 - Found 0 features of type [CoordSys] in Assembly 2.0 upload.stp-1
2026-08-19 22:55:05,315 INFO  ExportHelperExtension.cs: 1125 - Retrieving features of type [RefAxis] from EnsamblajeURDFPRIMO
2026-08-19 22:55:05,317 INFO  ExportHelperExtension.cs: 1136 - Found 27 in EnsamblajeURDFPRIMO
2026-08-19 22:55:05,318 INFO  ExportHelperExtension.cs: 1145 - Found 0 features of type [RefAxis] in EnsamblajeURDFPRIMO
2026-08-19 22:55:05,319 INFO  ExportHelperExtension.cs: 1148 - Proceeding through assembly components
2026-08-19 22:55:05,319 INFO  ExportHelperExtension.cs: 1160 - 2 components to check
2026-08-19 22:55:05,320 INFO  ExportHelperExtension.cs: 1125 - Retrieving features of type [RefAxis] from ENSAMBLAJEBRAZOFINALSLDASM-1
2026-08-19 22:55:05,321 INFO  ExportHelperExtension.cs: 1136 - Found 149 in ENSAMBLAJEBRAZOFINALSLDASM-1
2026-08-19 22:55:05,322 INFO  ExportHelperExtension.cs: 1145 - Found 0 features of type [RefAxis] in ENSAMBLAJEBRAZOFINALSLDASM-1
2026-08-19 22:55:05,323 INFO  ExportHelperExtension.cs: 1125 - Retrieving features of type [RefAxis] from Assembly 2.0 upload.stp-1
2026-08-19 22:55:05,324 INFO  ExportHelperExtension.cs: 1136 - Found 47 in Assembly 2.0 upload.stp-1
2026-08-19 22:55:05,325 INFO  ExportHelperExtension.cs: 1145 - Found 0 features of type [RefAxis] in Assembly 2.0 upload.stp-1
2026-08-19 22:55:05,757 INFO  SwAddin.cs: 339 - Loading config tree
2026-08-19 22:55:05,758 INFO  ExportPropertyManagerExtension.cs: 520 - Starting new configuration
2026-08-19 22:55:05,762 INFO  SwAddin.cs: 344 - Showing property manager
2026-08-19 22:55:42,075 INFO  ExportPropertyManager.cs: 1136 - OnNumberBoxTrackingCompleted called. This method no longer throws an Exception. It just silently does nothing. Ok, except for this logging message
2026-08-19 22:57:40,372 INFO  ExportPropertyManager.cs: 1018 - OnComboboxSelectionChanged called. This method no longer throws an Exception. It just silently does nothing. Ok, except for this logging message
2026-08-19 22:57:57,700 INFO  ExportPropertyManager.cs: 416 - Configuration canceled
2026-08-19 22:57:57,787 INFO  ExportPropertyManager.cs: 1142 - AfterClose called. This method no longer throws an Exception. It just silently does nothing. Ok, except for this logging message
2026-08-19 22:58:06,629 INFO  SwAddin.cs: 294 - Assembly export called for file EnsamblajeURDFPRIMO
2026-08-19 22:58:07,607 INFO  SwAddin.cs: 313 - Saving assembly
2026-08-19 22:58:07,983 INFO  SwAddin.cs: 316 - Opening property manager
2026-08-19 22:58:07,983 INFO  ExportHelperExtension.cs: 1125 - Retrieving features of type [CoordSys] from EnsamblajeURDFPRIMO
2026-08-19 22:58:07,984 INFO  ExportHelperExtension.cs: 1136 - Found 27 in EnsamblajeURDFPRIMO
2026-08-19 22:58:07,985 INFO  ExportHelperExtension.cs: 1145 - Found 0 features of type [CoordSys] in EnsamblajeURDFPRIMO
2026-08-19 22:58:07,986 INFO  ExportHelperExtension.cs: 1148 - Proceeding through assembly components
2026-08-19 22:58:07,986 INFO  ExportHelperExtension.cs: 1160 - 2 components to check
2026-08-19 22:58:07,987 INFO  ExportHelperExtension.cs: 1125 - Retrieving features of type [CoordSys] from ENSAMBLAJEBRAZOFINALSLDASM-1
2026-08-19 22:58:07,988 INFO  ExportHelperExtension.cs: 1136 - Found 149 in ENSAMBLAJEBRAZOFINALSLDASM-1
2026-08-19 22:58:07,990 INFO  ExportHelperExtension.cs: 1145 - Found 0 features of type [CoordSys] in ENSAMBLAJEBRAZOFINALSLDASM-1
2026-08-19 22:58:07,991 INFO  ExportHelperExtension.cs: 1125 - Retrieving features of type [CoordSys] from Assembly 2.0 upload.stp-1
2026-08-19 22:58:07,992 INFO  ExportHelperExtension.cs: 1136 - Found 47 in Assembly 2.0 upload.stp-1
2026-08-19 22:58:07,993 INFO  ExportHelperExtension.cs: 1145 - Found 0 features of type [CoordSys] in Assembly 2.0 upload.stp-1
2026-08-19 22:58:07,994 INFO  ExportHelperExtension.cs: 1125 - Retrieving features of type [RefAxis] from EnsamblajeURDFPRIMO
2026-08-19 22:58:07,995 INFO  ExportHelperExtension.cs: 1136 - Found 27 in EnsamblajeURDFPRIMO
2026-08-19 22:58:07,995 INFO  ExportHelperExtension.cs: 1145 - Found 0 features of type [RefAxis] in EnsamblajeURDFPRIMO
2026-08-19 22:58:07,996 INFO  ExportHelperExtension.cs: 1148 - Proceeding through assembly components
2026-08-19 22:58:07,997 INFO  ExportHelperExtension.cs: 1160 - 2 components to check
2026-08-19 22:58:07,997 INFO  ExportHelperExtension.cs: 1125 - Retrieving features of type [RefAxis] from ENSAMBLAJEBRAZOFINALSLDASM-1
2026-08-19 22:58:07,998 INFO  ExportHelperExtension.cs: 1136 - Found 149 in ENSAMBLAJEBRAZOFINALSLDASM-1
2026-08-19 22:58:08,000 INFO  ExportHelperExtension.cs: 1145 - Found 0 features of type [RefAxis] in ENSAMBLAJEBRAZOFINALSLDASM-1
2026-08-19 22:58:08,001 INFO  ExportHelperExtension.cs: 1125 - Retrieving features of type [RefAxis] from Assembly 2.0 upload.stp-1
2026-08-19 22:58:08,002 INFO  ExportHelperExtension.cs: 1136 - Found 47 in Assembly 2.0 upload.stp-1
2026-08-19 22:58:08,003 INFO  ExportHelperExtension.cs: 1145 - Found 0 features of type [RefAxis] in Assembly 2.0 upload.stp-1
2026-08-19 22:58:08,252 INFO  SwAddin.cs: 339 - Loading config tree
2026-08-19 22:58:08,253 INFO  ExportPropertyManagerExtension.cs: 520 - Starting new configuration
2026-08-19 22:58:08,255 INFO  SwAddin.cs: 344 - Showing property manager
2026-08-19 22:58:27,592 INFO  ExportPropertyManager.cs: 422 - Configuration saved
2026-08-19 22:58:27,844 INFO  ExportPropertyManager.cs: 1142 - AfterClose called. This method no longer throws an Exception. It just silently does nothing. Ok, except for this logging message
2026-08-19 22:58:44,047 INFO  SwAddin.cs: 294 - Assembly export called for file EnsamblajeURDFPRIMO
2026-08-19 22:58:44,047 INFO  SwAddin.cs: 299 - Save is required
2026-08-19 22:58:44,048 INFO  SwAddin.cs: 313 - Saving assembly
2026-08-19 22:58:44,553 INFO  SwAddin.cs: 316 - Opening property manager
2026-08-19 22:58:44,554 INFO  ExportHelperExtension.cs: 1125 - Retrieving features of type [CoordSys] from EnsamblajeURDFPRIMO
2026-08-19 22:58:44,555 INFO  ExportHelperExtension.cs: 1136 - Found 27 in EnsamblajeURDFPRIMO
2026-08-19 22:58:44,556 INFO  ExportHelperExtension.cs: 1145 - Found 0 features of type [CoordSys] in EnsamblajeURDFPRIMO
2026-08-19 22:58:44,556 INFO  ExportHelperExtension.cs: 1148 - Proceeding through assembly components
2026-08-19 22:58:44,557 INFO  ExportHelperExtension.cs: 1160 - 2 components to check
2026-08-19 22:58:44,557 INFO  ExportHelperExtension.cs: 1125 - Retrieving features of type [CoordSys] from ENSAMBLAJEBRAZOFINALSLDASM-1
2026-08-19 22:58:44,558 INFO  ExportHelperExtension.cs: 1136 - Found 149 in ENSAMBLAJEBRAZOFINALSLDASM-1
2026-08-19 22:58:44,560 INFO  ExportHelperExtension.cs: 1145 - Found 0 features of type [CoordSys] in ENSAMBLAJEBRAZOFINALSLDASM-1
2026-08-19 22:58:44,561 INFO  ExportHelperExtension.cs: 1125 - Retrieving features of type [CoordSys] from Assembly 2.0 upload.stp-1
2026-08-19 22:58:44,562 INFO  ExportHelperExtension.cs: 1136 - Found 47 in Assembly 2.0 upload.stp-1
2026-08-19 22:58:44,562 INFO  ExportHelperExtension.cs: 1145 - Found 0 features of type [CoordSys] in Assembly 2.0 upload.stp-1
2026-08-19 22:58:44,563 INFO  ExportHelperExtension.cs: 1125 - Retrieving features of type [RefAxis] from EnsamblajeURDFPRIMO
2026-08-19 22:58:44,563 INFO  ExportHelperExtension.cs: 1136 - Found 27 in EnsamblajeURDFPRIMO
2026-08-19 22:58:44,563 INFO  ExportHelperExtension.cs: 1145 - Found 0 features of type [RefAxis] in EnsamblajeURDFPRIMO
2026-08-19 22:58:44,564 INFO  ExportHelperExtension.cs: 1148 - Proceeding through assembly components
2026-08-19 22:58:44,565 INFO  ExportHelperExtension.cs: 1160 - 2 components to check
2026-08-19 22:58:44,565 INFO  ExportHelperExtension.cs: 1125 - Retrieving features of type [RefAxis] from ENSAMBLAJEBRAZOFINALSLDASM-1
2026-08-19 22:58:44,566 INFO  ExportHelperExtension.cs: 1136 - Found 149 in ENSAMBLAJEBRAZOFINALSLDASM-1
2026-08-19 22:58:44,567 INFO  ExportHelperExtension.cs: 1145 - Found 0 features of type [RefAxis] in ENSAMBLAJEBRAZOFINALSLDASM-1
2026-08-19 22:58:44,567 INFO  ExportHelperExtension.cs: 1125 - Retrieving features of type [RefAxis] from Assembly 2.0 upload.stp-1
2026-08-19 22:58:44,568 INFO  ExportHelperExtension.cs: 1136 - Found 47 in Assembly 2.0 upload.stp-1
2026-08-19 22:58:44,569 INFO  ExportHelperExtension.cs: 1145 - Found 0 features of type [RefAxis] in Assembly 2.0 upload.stp-1
2026-08-19 22:58:44,862 INFO  SwAddin.cs: 339 - Loading config tree
2026-08-19 22:58:44,863 INFO  ExportPropertyManagerExtension.cs: 520 - Starting new configuration
2026-08-19 22:58:44,867 INFO  SwAddin.cs: 344 - Showing property manager
2026-08-19 22:59:19,478 INFO  ExportPropertyManager.cs: 1136 - OnNumberBoxTrackingCompleted called. This method no longer throws an Exception. It just silently does nothing. Ok, except for this logging message
2026-08-19 23:00:08,711 INFO  ExportPropertyManager.cs: 1018 - OnComboboxSelectionChanged called. This method no longer throws an Exception. It just silently does nothing. Ok, except for this logging message
2026-08-19 23:01:30,079 INFO  ExportPropertyManager.cs: 1136 - OnNumberBoxTrackingCompleted called. This method no longer throws an Exception. It just silently does nothing. Ok, except for this logging message
2026-08-19 23:01:30,183 INFO  ExportPropertyManager.cs: 1136 - OnNumberBoxTrackingCompleted called. This method no longer throws an Exception. It just silently does nothing. Ok, except for this logging message
2026-08-19 23:01:38,481 INFO  ExportPropertyManager.cs: 422 - Configuration saved
2026-08-19 23:01:38,621 INFO  ExportPropertyManager.cs: 1142 - AfterClose called. This method no longer throws an Exception. It just silently does nothing. Ok, except for this logging message
2026-08-19 23:02:18,322 INFO  SwAddin.cs: 294 - Assembly export called for file EnsamblajeURDFPRIMO
2026-08-19 23:02:18,323 INFO  SwAddin.cs: 299 - Save is required
2026-08-19 23:02:18,324 INFO  SwAddin.cs: 313 - Saving assembly
2026-08-19 23:02:18,852 INFO  SwAddin.cs: 316 - Opening property manager
2026-08-19 23:02:18,854 INFO  ExportHelperExtension.cs: 1125 - Retrieving features of type [CoordSys] from EnsamblajeURDFPRIMO
2026-08-19 23:02:18,855 INFO  ExportHelperExtension.cs: 1136 - Found 27 in EnsamblajeURDFPRIMO
2026-08-19 23:02:18,856 INFO  ExportHelperExtension.cs: 1145 - Found 0 features of type [CoordSys] in EnsamblajeURDFPRIMO
2026-08-19 23:02:18,857 INFO  ExportHelperExtension.cs: 1148 - Proceeding through assembly components
2026-08-19 23:02:18,857 INFO  ExportHelperExtension.cs: 1160 - 2 components to check
2026-08-19 23:02:18,858 INFO  ExportHelperExtension.cs: 1125 - Retrieving features of type [CoordSys] from ENSAMBLAJEBRAZOFINALSLDASM-1
2026-08-19 23:02:18,859 INFO  ExportHelperExtension.cs: 1136 - Found 149 in ENSAMBLAJEBRAZOFINALSLDASM-1
2026-08-19 23:02:18,861 INFO  ExportHelperExtension.cs: 1145 - Found 0 features of type [CoordSys] in ENSAMBLAJEBRAZOFINALSLDASM-1
2026-08-19 23:02:18,862 INFO  ExportHelperExtension.cs: 1125 - Retrieving features of type [CoordSys] from Assembly 2.0 upload.stp-1
2026-08-19 23:02:18,863 INFO  ExportHelperExtension.cs: 1136 - Found 47 in Assembly 2.0 upload.stp-1
2026-08-19 23:02:18,864 INFO  ExportHelperExtension.cs: 1145 - Found 0 features of type [CoordSys] in Assembly 2.0 upload.stp-1
2026-08-19 23:02:18,864 INFO  ExportHelperExtension.cs: 1125 - Retrieving features of type [RefAxis] from EnsamblajeURDFPRIMO
2026-08-19 23:02:18,866 INFO  ExportHelperExtension.cs: 1136 - Found 27 in EnsamblajeURDFPRIMO
2026-08-19 23:02:18,867 INFO  ExportHelperExtension.cs: 1145 - Found 0 features of type [RefAxis] in EnsamblajeURDFPRIMO
2026-08-19 23:02:18,867 INFO  ExportHelperExtension.cs: 1148 - Proceeding through assembly components
2026-08-19 23:02:18,868 INFO  ExportHelperExtension.cs: 1160 - 2 components to check
2026-08-19 23:02:18,869 INFO  ExportHelperExtension.cs: 1125 - Retrieving features of type [RefAxis] from ENSAMBLAJEBRAZOFINALSLDASM-1
2026-08-19 23:02:18,870 INFO  ExportHelperExtension.cs: 1136 - Found 149 in ENSAMBLAJEBRAZOFINALSLDASM-1
2026-08-19 23:02:18,872 INFO  ExportHelperExtension.cs: 1145 - Found 0 features of type [RefAxis] in ENSAMBLAJEBRAZOFINALSLDASM-1
2026-08-19 23:02:18,873 INFO  ExportHelperExtension.cs: 1125 - Retrieving features of type [RefAxis] from Assembly 2.0 upload.stp-1
2026-08-19 23:02:18,873 INFO  ExportHelperExtension.cs: 1136 - Found 47 in Assembly 2.0 upload.stp-1
2026-08-19 23:02:18,875 INFO  ExportHelperExtension.cs: 1145 - Found 0 features of type [RefAxis] in Assembly 2.0 upload.stp-1
2026-08-19 23:02:19,330 INFO  SwAddin.cs: 339 - Loading config tree
2026-08-19 23:02:19,331 INFO  ExportPropertyManagerExtension.cs: 520 - Starting new configuration
2026-08-19 23:02:19,334 INFO  SwAddin.cs: 344 - Showing property manager
2026-08-19 23:02:27,695 INFO  ExportPropertyManager.cs: 1136 - OnNumberBoxTrackingCompleted called. This method no longer throws an Exception. It just silently does nothing. Ok, except for this logging message
2026-08-19 23:05:15,573 INFO  ExportPropertyManager.cs: 416 - Configuration canceled
2026-08-19 23:05:15,661 INFO  ExportPropertyManager.cs: 1142 - AfterClose called. This method no longer throws an Exception. It just silently does nothing. Ok, except for this logging message
2026-08-19 23:05:20,577 INFO  SwAddin.cs: 294 - Assembly export called for file EnsamblajeURDFPRIMO
2026-08-19 23:05:21,929 INFO  SwAddin.cs: 313 - Saving assembly
2026-08-19 23:05:22,262 INFO  SwAddin.cs: 316 - Opening property manager
2026-08-19 23:05:22,262 INFO  ExportHelperExtension.cs: 1125 - Retrieving features of type [CoordSys] from EnsamblajeURDFPRIMO
2026-08-19 23:05:22,263 INFO  ExportHelperExtension.cs: 1136 - Found 27 in EnsamblajeURDFPRIMO
2026-08-19 23:05:22,265 INFO  ExportHelperExtension.cs: 1145 - Found 0 features of type [CoordSys] in EnsamblajeURDFPRIMO
2026-08-19 23:05:22,266 INFO  ExportHelperExtension.cs: 1148 - Proceeding through assembly components
2026-08-19 23:05:22,266 INFO  ExportHelperExtension.cs: 1160 - 2 components to check
2026-08-19 23:05:22,267 INFO  ExportHelperExtension.cs: 1125 - Retrieving features of type [CoordSys] from ENSAMBLAJEBRAZOFINALSLDASM-1
2026-08-19 23:05:22,268 INFO  ExportHelperExtension.cs: 1136 - Found 149 in ENSAMBLAJEBRAZOFINALSLDASM-1
2026-08-19 23:05:22,274 INFO  ExportHelperExtension.cs: 1145 - Found 0 features of type [CoordSys] in ENSAMBLAJEBRAZOFINALSLDASM-1
2026-08-19 23:05:22,275 INFO  ExportHelperExtension.cs: 1125 - Retrieving features of type [CoordSys] from Assembly 2.0 upload.stp-1
2026-08-19 23:05:22,336 INFO  ExportHelperExtension.cs: 1136 - Found 47 in Assembly 2.0 upload.stp-1
2026-08-19 23:05:22,338 INFO  ExportHelperExtension.cs: 1145 - Found 0 features of type [CoordSys] in Assembly 2.0 upload.stp-1
2026-08-19 23:05:22,339 INFO  ExportHelperExtension.cs: 1125 - Retrieving features of type [RefAxis] from EnsamblajeURDFPRIMO
2026-08-19 23:05:22,339 INFO  ExportHelperExtension.cs: 1136 - Found 27 in EnsamblajeURDFPRIMO
2026-08-19 23:05:22,340 INFO  ExportHelperExtension.cs: 1145 - Found 0 features of type [RefAxis] in EnsamblajeURDFPRIMO
2026-08-19 23:05:22,341 INFO  ExportHelperExtension.cs: 1148 - Proceeding through assembly components
2026-08-19 23:05:22,341 INFO  ExportHelperExtension.cs: 1160 - 2 components to check
2026-08-19 23:05:22,342 INFO  ExportHelperExtension.cs: 1125 - Retrieving features of type [RefAxis] from ENSAMBLAJEBRAZOFINALSLDASM-1
2026-08-19 23:05:22,343 INFO  ExportHelperExtension.cs: 1136 - Found 149 in ENSAMBLAJEBRAZOFINALSLDASM-1
2026-08-19 23:05:22,344 INFO  ExportHelperExtension.cs: 1145 - Found 0 features of type [RefAxis] in ENSAMBLAJEBRAZOFINALSLDASM-1
2026-08-19 23:05:22,345 INFO  ExportHelperExtension.cs: 1125 - Retrieving features of type [RefAxis] from Assembly 2.0 upload.stp-1
2026-08-19 23:05:22,346 INFO  ExportHelperExtension.cs: 1136 - Found 47 in Assembly 2.0 upload.stp-1
2026-08-19 23:05:22,347 INFO  ExportHelperExtension.cs: 1145 - Found 0 features of type [RefAxis] in Assembly 2.0 upload.stp-1
2026-08-19 23:05:22,600 INFO  SwAddin.cs: 339 - Loading config tree
2026-08-19 23:05:22,601 INFO  ExportPropertyManagerExtension.cs: 520 - Starting new configuration
2026-08-19 23:05:22,605 INFO  SwAddin.cs: 344 - Showing property manager
2026-08-19 23:06:11,578 INFO  ExportPropertyManager.cs: 1136 - OnNumberBoxTrackingCompleted called. This method no longer throws an Exception. It just silently does nothing. Ok, except for this logging message
2026-08-19 23:06:51,449 INFO  ExportPropertyManager.cs: 1018 - OnComboboxSelectionChanged called. This method no longer throws an Exception. It just silently does nothing. Ok, except for this logging message
2026-08-19 23:07:36,483 INFO  ExportPropertyManager.cs: 1018 - OnComboboxSelectionChanged called. This method no longer throws an Exception. It just silently does nothing. Ok, except for this logging message
2026-08-19 23:08:17,666 INFO  ExportPropertyManager.cs: 1018 - OnComboboxSelectionChanged called. This method no longer throws an Exception. It just silently does nothing. Ok, except for this logging message
2026-08-19 23:09:26,549 INFO  ExportPropertyManager.cs: 1136 - OnNumberBoxTrackingCompleted called. This method no longer throws an Exception. It just silently does nothing. Ok, except for this logging message
2026-08-19 23:12:57,068 INFO  ExportPropertyManager.cs: 1136 - OnNumberBoxTrackingCompleted called. This method no longer throws an Exception. It just silently does nothing. Ok, except for this logging message
2026-08-19 23:12:57,098 INFO  ExportPropertyManager.cs: 1136 - OnNumberBoxTrackingCompleted called. This method no longer throws an Exception. It just silently does nothing. Ok, except for this logging message
2026-08-19 23:12:57,132 INFO  ExportPropertyManager.cs: 1136 - OnNumberBoxTrackingCompleted called. This method no longer throws an Exception. It just silently does nothing. Ok, except for this logging message
2026-08-19 23:12:57,163 INFO  ExportPropertyManager.cs: 1136 - OnNumberBoxTrackingCompleted called. This method no longer throws an Exception. It just silently does nothing. Ok, except for this logging message
2026-08-19 23:12:57,213 INFO  ExportPropertyManager.cs: 1136 - OnNumberBoxTrackingCompleted called. This method no longer throws an Exception. It just silently does nothing. Ok, except for this logging message
2026-08-19 23:15:28,309 INFO  ExportPropertyManager.cs: 422 - Configuration saved
2026-08-19 23:15:32,418 INFO  ExportHelperExtension.cs: 347 - Creating joint Eje_Principal_link
2026-08-19 23:15:32,432 INFO  ExportHelperExtension.cs: 1397 - Fixing components for base_link
2026-08-19 23:15:32,434 INFO  ExportHelperExtension.cs: 1402 - Fixing 24
2026-08-19 23:15:32,435 INFO  ExportHelperExtension.cs: 1409 - Component 24 is already fixed
2026-08-19 23:15:32,435 INFO  ExportHelperExtension.cs: 1402 - Fixing 53
2026-08-19 23:15:32,436 INFO  ExportHelperExtension.cs: 1409 - Component 53 is already fixed
2026-08-19 23:15:32,437 INFO  ExportHelperExtension.cs: 1402 - Fixing 271
2026-08-19 23:15:32,438 INFO  ExportHelperExtension.cs: 1409 - Component 271 is already fixed
2026-08-19 23:15:32,438 INFO  ExportHelperExtension.cs: 1402 - Fixing 426
2026-08-19 23:15:32,438 INFO  ExportHelperExtension.cs: 1409 - Component 426 is already fixed
2026-08-19 23:15:32,487 INFO  ExportHelperExtension.cs: 832 - R1: 0, 0
2026-08-19 23:15:32,488 INFO  ExportHelperExtension.cs: 841 - R2: 0, 0
2026-08-19 23:15:32,488 INFO  ExportHelperExtension.cs: 849 - L1: 0
2026-08-19 23:15:32,489 INFO  ExportHelperExtension.cs: 857 - L2: 0
2026-08-19 23:15:34,144 WARN  ExportHelperExtension.cs: 351 - Creating joint from parent base_link to child Eje_Principal_link failed
2026-08-19 23:15:34,162 INFO  ExportHelperExtension.cs: 347 - Creating joint Eje_largo_link
2026-08-19 23:15:34,163 INFO  ExportHelperExtension.cs: 1397 - Fixing components for base_link
2026-08-19 23:15:34,164 INFO  ExportHelperExtension.cs: 1402 - Fixing 24
2026-08-19 23:15:34,164 INFO  ExportHelperExtension.cs: 1409 - Component 24 is already fixed
2026-08-19 23:15:34,165 INFO  ExportHelperExtension.cs: 1402 - Fixing 53
2026-08-19 23:15:34,165 INFO  ExportHelperExtension.cs: 1409 - Component 53 is already fixed
2026-08-19 23:15:34,166 INFO  ExportHelperExtension.cs: 1402 - Fixing 271
2026-08-19 23:15:34,166 INFO  ExportHelperExtension.cs: 1409 - Component 271 is already fixed
2026-08-19 23:15:34,166 INFO  ExportHelperExtension.cs: 1402 - Fixing 426
2026-08-19 23:15:34,168 INFO  ExportHelperExtension.cs: 1409 - Component 426 is already fixed
2026-08-19 23:15:34,214 INFO  ExportHelperExtension.cs: 832 - R1: 0, 0
2026-08-19 23:15:34,215 INFO  ExportHelperExtension.cs: 841 - R2: 0, 0
2026-08-19 23:15:34,216 INFO  ExportHelperExtension.cs: 849 - L1: 0
2026-08-19 23:15:34,216 INFO  ExportHelperExtension.cs: 857 - L2: 0
2026-08-19 23:15:35,855 WARN  ExportHelperExtension.cs: 351 - Creating joint from parent base_link to child Eje_largo_link failed
2026-08-19 23:15:35,950 INFO  ExportHelperExtension.cs: 347 - Creating joint Eje_final_link
2026-08-19 23:15:35,951 INFO  ExportHelperExtension.cs: 1397 - Fixing components for base_link
2026-08-19 23:15:35,953 INFO  ExportHelperExtension.cs: 1402 - Fixing 24
2026-08-19 23:15:35,954 INFO  ExportHelperExtension.cs: 1409 - Component 24 is already fixed
2026-08-19 23:15:35,954 INFO  ExportHelperExtension.cs: 1402 - Fixing 53
2026-08-19 23:15:35,954 INFO  ExportHelperExtension.cs: 1409 - Component 53 is already fixed
2026-08-19 23:15:35,955 INFO  ExportHelperExtension.cs: 1402 - Fixing 271
2026-08-19 23:15:35,955 INFO  ExportHelperExtension.cs: 1409 - Component 271 is already fixed
2026-08-19 23:15:35,956 INFO  ExportHelperExtension.cs: 1402 - Fixing 426
2026-08-19 23:15:35,956 INFO  ExportHelperExtension.cs: 1409 - Component 426 is already fixed
2026-08-19 23:15:36,006 INFO  ExportHelperExtension.cs: 832 - R1: 0, 0
2026-08-19 23:15:36,006 INFO  ExportHelperExtension.cs: 841 - R2: 0, 0
2026-08-19 23:15:36,007 INFO  ExportHelperExtension.cs: 849 - L1: 0
2026-08-19 23:15:36,007 INFO  ExportHelperExtension.cs: 857 - L2: 0
2026-08-19 23:15:37,594 WARN  ExportHelperExtension.cs: 351 - Creating joint from parent base_link to child Eje_final_link failed
2026-08-19 23:15:37,603 INFO  ExportHelperExtension.cs: 347 - Creating joint Gripper_Link
2026-08-19 23:15:37,603 INFO  ExportHelperExtension.cs: 1397 - Fixing components for Eje_final_link
2026-08-19 23:15:37,604 INFO  ExportHelperExtension.cs: 1402 - Fixing 426
2026-08-19 23:15:37,605 INFO  ExportHelperExtension.cs: 1409 - Component 426 is already fixed
2026-08-19 23:15:37,605 INFO  ExportHelperExtension.cs: 1402 - Fixing 24
2026-08-19 23:15:37,606 INFO  ExportHelperExtension.cs: 1409 - Component 24 is already fixed
2026-08-19 23:15:37,607 INFO  ExportHelperExtension.cs: 1402 - Fixing 53
2026-08-19 23:15:37,608 INFO  ExportHelperExtension.cs: 1409 - Component 53 is already fixed
2026-08-19 23:15:37,609 INFO  ExportHelperExtension.cs: 1402 - Fixing 271
2026-08-19 23:15:37,609 INFO  ExportHelperExtension.cs: 1409 - Component 271 is already fixed
2026-08-19 23:15:37,610 INFO  ExportHelperExtension.cs: 1402 - Fixing 426
2026-08-19 23:15:37,610 INFO  ExportHelperExtension.cs: 1409 - Component 426 is already fixed
2026-08-19 23:15:37,664 INFO  : 0 - R1: 3, System.__ComObject, 0, System.Double[]
2026-08-19 23:15:37,671 INFO  : 0 - R2: 0, System.__ComObject, 0, System.Double[]
2026-08-19 23:15:37,673 INFO  : 0 - L1: 2, System.Double[]
2026-08-19 23:15:37,675 INFO  : 0 - L2: , System.Double[]
2026-08-19 23:15:39,282 WARN  ExportHelperExtension.cs: 351 - Creating joint from parent Eje_final_link to child Gripper_Link failed
2026-08-19 23:15:39,290 INFO  ExportHelperExtension.cs: 347 - Creating joint Engraderecho_Link
2026-08-19 23:15:39,290 INFO  ExportHelperExtension.cs: 1397 - Fixing components for Eje_final_link
2026-08-19 23:15:39,292 INFO  ExportHelperExtension.cs: 1402 - Fixing 426
2026-08-19 23:15:39,293 INFO  ExportHelperExtension.cs: 1409 - Component 426 is already fixed
2026-08-19 23:15:39,293 INFO  ExportHelperExtension.cs: 1402 - Fixing 24
2026-08-19 23:15:39,294 INFO  ExportHelperExtension.cs: 1409 - Component 24 is already fixed
2026-08-19 23:15:39,294 INFO  ExportHelperExtension.cs: 1402 - Fixing 53
2026-08-19 23:15:39,295 INFO  ExportHelperExtension.cs: 1409 - Component 53 is already fixed
2026-08-19 23:15:39,295 INFO  ExportHelperExtension.cs: 1402 - Fixing 271
2026-08-19 23:15:39,296 INFO  ExportHelperExtension.cs: 1409 - Component 271 is already fixed
2026-08-19 23:15:39,296 INFO  ExportHelperExtension.cs: 1402 - Fixing 426
2026-08-19 23:15:39,296 INFO  ExportHelperExtension.cs: 1409 - Component 426 is already fixed
2026-08-19 23:15:39,344 INFO  ExportHelperExtension.cs: 828 - R1: 3, System.__ComObject, 0, System.Double[]
2026-08-19 23:15:39,344 INFO  ExportHelperExtension.cs: 837 - R2: 0, System.__ComObject, 0, System.Double[]
2026-08-19 23:15:39,346 INFO  ExportHelperExtension.cs: 845 - L1: 2, System.Double[]
2026-08-19 23:15:39,346 INFO  ExportHelperExtension.cs: 853 - L2: , System.Double[]
2026-08-19 23:15:40,975 WARN  ExportHelperExtension.cs: 351 - Creating joint from parent Eje_final_link to child Engraderecho_Link failed
2026-08-19 23:15:40,995 INFO  ExportHelperExtension.cs: 347 - Creating joint Engraizquierdo_Link
2026-08-19 23:15:40,996 INFO  ExportHelperExtension.cs: 1397 - Fixing components for Eje_final_link
2026-08-19 23:15:40,997 INFO  ExportHelperExtension.cs: 1402 - Fixing 426
2026-08-19 23:15:40,997 INFO  ExportHelperExtension.cs: 1409 - Component 426 is already fixed
2026-08-19 23:15:40,997 INFO  ExportHelperExtension.cs: 1402 - Fixing 24
2026-08-19 23:15:40,998 INFO  ExportHelperExtension.cs: 1409 - Component 24 is already fixed
2026-08-19 23:15:40,998 INFO  ExportHelperExtension.cs: 1402 - Fixing 53
2026-08-19 23:15:40,999 INFO  ExportHelperExtension.cs: 1409 - Component 53 is already fixed
2026-08-19 23:15:41,000 INFO  ExportHelperExtension.cs: 1402 - Fixing 271
2026-08-19 23:15:41,000 INFO  ExportHelperExtension.cs: 1409 - Component 271 is already fixed
2026-08-19 23:15:41,001 INFO  ExportHelperExtension.cs: 1402 - Fixing 426
2026-08-19 23:15:41,003 INFO  ExportHelperExtension.cs: 1409 - Component 426 is already fixed
2026-08-19 23:15:41,060 INFO  ExportHelperExtension.cs: 828 - R1: 3, System.__ComObject, 0, System.Double[]
2026-08-19 23:15:41,061 INFO  ExportHelperExtension.cs: 837 - R2: 0, System.__ComObject, 0, System.Double[]
2026-08-19 23:15:41,062 INFO  ExportHelperExtension.cs: 845 - L1: 2, System.Double[]
2026-08-19 23:15:41,062 INFO  ExportHelperExtension.cs: 853 - L2: , System.Double[]
2026-08-19 23:15:42,741 WARN  ExportHelperExtension.cs: 351 - Creating joint from parent Eje_final_link to child Engraizquierdo_Link failed
2026-08-19 23:15:42,760 INFO  ExportHelperExtension.cs: 347 - Creating joint braerecho_Link
2026-08-19 23:15:42,760 INFO  ExportHelperExtension.cs: 1397 - Fixing components for Eje_final_link
2026-08-19 23:15:42,762 INFO  ExportHelperExtension.cs: 1402 - Fixing 426
2026-08-19 23:15:42,763 INFO  ExportHelperExtension.cs: 1409 - Component 426 is already fixed
2026-08-19 23:15:42,763 INFO  ExportHelperExtension.cs: 1402 - Fixing 24
2026-08-19 23:15:42,763 INFO  ExportHelperExtension.cs: 1409 - Component 24 is already fixed
2026-08-19 23:15:42,764 INFO  ExportHelperExtension.cs: 1402 - Fixing 53
2026-08-19 23:15:42,767 INFO  ExportHelperExtension.cs: 1409 - Component 53 is already fixed
2026-08-19 23:15:42,769 INFO  ExportHelperExtension.cs: 1402 - Fixing 271
2026-08-19 23:15:42,769 INFO  ExportHelperExtension.cs: 1409 - Component 271 is already fixed
2026-08-19 23:15:42,770 INFO  ExportHelperExtension.cs: 1402 - Fixing 426
2026-08-19 23:15:42,770 INFO  ExportHelperExtension.cs: 1409 - Component 426 is already fixed
2026-08-19 23:15:42,829 INFO  ExportHelperExtension.cs: 828 - R1: 3, System.__ComObject, 0, System.Double[]
2026-08-19 23:15:42,829 INFO  ExportHelperExtension.cs: 837 - R2: 0, System.__ComObject, 0, System.Double[]
2026-08-19 23:15:42,830 INFO  ExportHelperExtension.cs: 845 - L1: 2, System.Double[]
2026-08-19 23:15:42,831 INFO  ExportHelperExtension.cs: 853 - L2: , System.Double[]
2026-08-19 23:15:44,533 WARN  ExportHelperExtension.cs: 351 - Creating joint from parent Eje_final_link to child braerecho_Link failed
2026-08-19 23:15:44,540 INFO  ExportHelperExtension.cs: 347 - Creating joint braizquierdo_Link
2026-08-19 23:15:44,540 INFO  ExportHelperExtension.cs: 1397 - Fixing components for Eje_final_link
2026-08-19 23:15:44,542 INFO  ExportHelperExtension.cs: 1402 - Fixing 426
2026-08-19 23:15:44,543 INFO  ExportHelperExtension.cs: 1409 - Component 426 is already fixed
2026-08-19 23:15:44,543 INFO  ExportHelperExtension.cs: 1402 - Fixing 24
2026-08-19 23:15:44,544 INFO  ExportHelperExtension.cs: 1409 - Component 24 is already fixed
2026-08-19 23:15:44,544 INFO  ExportHelperExtension.cs: 1402 - Fixing 53
2026-08-19 23:15:44,545 INFO  ExportHelperExtension.cs: 1409 - Component 53 is already fixed
2026-08-19 23:15:44,546 INFO  ExportHelperExtension.cs: 1402 - Fixing 271
2026-08-19 23:15:44,546 INFO  ExportHelperExtension.cs: 1409 - Component 271 is already fixed
2026-08-19 23:15:44,546 INFO  ExportHelperExtension.cs: 1402 - Fixing 426
2026-08-19 23:15:44,547 INFO  ExportHelperExtension.cs: 1409 - Component 426 is already fixed
2026-08-19 23:15:44,596 INFO  ExportHelperExtension.cs: 828 - R1: 3, System.__ComObject, 0, System.Double[]
2026-08-19 23:15:44,597 INFO  ExportHelperExtension.cs: 837 - R2: 0, System.__ComObject, 0, System.Double[]
2026-08-19 23:15:44,597 INFO  ExportHelperExtension.cs: 845 - L1: 2, System.Double[]
2026-08-19 23:15:44,598 INFO  ExportHelperExtension.cs: 853 - L2: , System.Double[]
2026-08-19 23:15:46,232 WARN  ExportHelperExtension.cs: 351 - Creating joint from parent Eje_final_link to child braizquierdo_Link failed
2026-08-19 23:15:46,240 INFO  ExportHelperExtension.cs: 347 - Creating joint sopoderecho_Link
2026-08-19 23:15:46,240 INFO  ExportHelperExtension.cs: 1397 - Fixing components for Eje_final_link
2026-08-19 23:15:46,241 INFO  ExportHelperExtension.cs: 1402 - Fixing 426
2026-08-19 23:15:46,241 INFO  ExportHelperExtension.cs: 1409 - Component 426 is already fixed
2026-08-19 23:15:46,242 INFO  ExportHelperExtension.cs: 1402 - Fixing 24
2026-08-19 23:15:46,243 INFO  ExportHelperExtension.cs: 1409 - Component 24 is already fixed
2026-08-19 23:15:46,243 INFO  ExportHelperExtension.cs: 1402 - Fixing 53
2026-08-19 23:15:46,244 INFO  ExportHelperExtension.cs: 1409 - Component 53 is already fixed
2026-08-19 23:15:46,244 INFO  ExportHelperExtension.cs: 1402 - Fixing 271
2026-08-19 23:15:46,245 INFO  ExportHelperExtension.cs: 1409 - Component 271 is already fixed
2026-08-19 23:15:46,245 INFO  ExportHelperExtension.cs: 1402 - Fixing 426
2026-08-19 23:15:46,246 INFO  ExportHelperExtension.cs: 1409 - Component 426 is already fixed
2026-08-19 23:15:46,301 INFO  ExportHelperExtension.cs: 828 - R1: 3, System.__ComObject, 0, System.Double[]
2026-08-19 23:15:46,302 INFO  ExportHelperExtension.cs: 837 - R2: 0, System.__ComObject, 0, System.Double[]
2026-08-19 23:15:46,303 INFO  ExportHelperExtension.cs: 845 - L1: 2, System.Double[]
2026-08-19 23:15:46,303 INFO  ExportHelperExtension.cs: 853 - L2: , System.Double[]
2026-08-19 23:15:47,964 WARN  ExportHelperExtension.cs: 351 - Creating joint from parent Eje_final_link to child sopoderecho_Link failed
2026-08-19 23:15:47,970 INFO  ExportHelperExtension.cs: 347 - Creating joint sopoizquierdo_Link
2026-08-19 23:15:47,971 INFO  ExportHelperExtension.cs: 1397 - Fixing components for Eje_final_link
2026-08-19 23:15:47,971 INFO  ExportHelperExtension.cs: 1402 - Fixing 426
2026-08-19 23:15:47,971 INFO  ExportHelperExtension.cs: 1409 - Component 426 is already fixed
2026-08-19 23:15:47,972 INFO  ExportHelperExtension.cs: 1402 - Fixing 24
2026-08-19 23:15:47,972 INFO  ExportHelperExtension.cs: 1409 - Component 24 is already fixed
2026-08-19 23:15:47,972 INFO  ExportHelperExtension.cs: 1402 - Fixing 53
2026-08-19 23:15:47,973 INFO  ExportHelperExtension.cs: 1409 - Component 53 is already fixed
2026-08-19 23:15:47,973 INFO  ExportHelperExtension.cs: 1402 - Fixing 271
2026-08-19 23:15:47,973 INFO  ExportHelperExtension.cs: 1409 - Component 271 is already fixed
2026-08-19 23:15:47,974 INFO  ExportHelperExtension.cs: 1402 - Fixing 426
2026-08-19 23:15:47,974 INFO  ExportHelperExtension.cs: 1409 - Component 426 is already fixed
2026-08-19 23:15:48,022 INFO  ExportHelperExtension.cs: 828 - R1: 3, System.__ComObject, 0, System.Double[]
2026-08-19 23:15:48,023 INFO  ExportHelperExtension.cs: 837 - R2: 0, System.__ComObject, 0, System.Double[]
2026-08-19 23:15:48,024 INFO  ExportHelperExtension.cs: 845 - L1: 2, System.Double[]
2026-08-19 23:15:48,024 INFO  ExportHelperExtension.cs: 853 - L2: , System.Double[]
2026-08-19 23:15:49,740 WARN  ExportHelperExtension.cs: 351 - Creating joint from parent Eje_final_link to child sopoizquierdo_Link failed
2026-08-19 23:15:49,883 INFO  ExportHelperExtension.cs: 1125 - Retrieving features of type [CoordSys] from EnsamblajeURDFPRIMO
2026-08-19 23:15:49,887 INFO  ExportHelperExtension.cs: 1136 - Found 40 in EnsamblajeURDFPRIMO
2026-08-19 23:15:49,889 INFO  ExportHelperExtension.cs: 1145 - Found 11 features of type [CoordSys] in EnsamblajeURDFPRIMO
2026-08-19 23:15:49,889 INFO  ExportHelperExtension.cs: 1148 - Proceeding through assembly components
2026-08-19 23:15:49,959 INFO  ExportHelperExtension.cs: 1160 - 2 components to check
2026-08-19 23:15:49,961 INFO  ExportHelperExtension.cs: 1125 - Retrieving features of type [CoordSys] from ENSAMBLAJEBRAZOFINALSLDASM-1
2026-08-19 23:15:49,962 INFO  ExportHelperExtension.cs: 1136 - Found 149 in ENSAMBLAJEBRAZOFINALSLDASM-1
2026-08-19 23:15:49,963 INFO  ExportHelperExtension.cs: 1145 - Found 0 features of type [CoordSys] in ENSAMBLAJEBRAZOFINALSLDASM-1
2026-08-19 23:15:49,964 INFO  ExportHelperExtension.cs: 1125 - Retrieving features of type [CoordSys] from Assembly 2.0 upload.stp-1
2026-08-19 23:15:49,965 INFO  ExportHelperExtension.cs: 1136 - Found 47 in Assembly 2.0 upload.stp-1
2026-08-19 23:15:49,965 INFO  ExportHelperExtension.cs: 1145 - Found 0 features of type [CoordSys] in Assembly 2.0 upload.stp-1
2026-08-19 23:15:49,966 INFO  ExportHelperExtension.cs: 1125 - Retrieving features of type [RefAxis] from EnsamblajeURDFPRIMO
2026-08-19 23:15:49,967 INFO  ExportHelperExtension.cs: 1136 - Found 40 in EnsamblajeURDFPRIMO
2026-08-19 23:15:49,970 INFO  ExportHelperExtension.cs: 1145 - Found 0 features of type [RefAxis] in EnsamblajeURDFPRIMO
2026-08-19 23:15:49,971 INFO  ExportHelperExtension.cs: 1148 - Proceeding through assembly components
2026-08-19 23:15:49,972 INFO  ExportHelperExtension.cs: 1160 - 2 components to check
2026-08-19 23:15:49,972 INFO  ExportHelperExtension.cs: 1125 - Retrieving features of type [RefAxis] from ENSAMBLAJEBRAZOFINALSLDASM-1
2026-08-19 23:15:49,973 INFO  ExportHelperExtension.cs: 1136 - Found 149 in ENSAMBLAJEBRAZOFINALSLDASM-1
2026-08-19 23:15:49,973 INFO  ExportHelperExtension.cs: 1145 - Found 0 features of type [RefAxis] in ENSAMBLAJEBRAZOFINALSLDASM-1
2026-08-19 23:15:49,974 INFO  ExportHelperExtension.cs: 1125 - Retrieving features of type [RefAxis] from Assembly 2.0 upload.stp-1
2026-08-19 23:15:49,974 INFO  ExportHelperExtension.cs: 1136 - Found 47 in Assembly 2.0 upload.stp-1
2026-08-19 23:15:49,975 INFO  ExportHelperExtension.cs: 1145 - Found 0 features of type [RefAxis] in Assembly 2.0 upload.stp-1
2026-08-19 23:15:50,062 INFO  ExportPropertyManager.cs: 1142 - AfterClose called. This method no longer throws an Exception. It just silently does nothing. Ok, except for this logging message
2026-08-19 23:18:59,693 INFO  AssemblyExportForm.cs: 253 - Completing URDF export
2026-08-19 23:18:59,708 INFO  ConfigurationSerialization.cs: 276 - URDF Configuration found
<Link z:Id="i1" xmlns="http://schemas.datacontract.org/2004/07/SW2URDF" xmlns:i="http://www.w3.org/2001/XMLSchema-instance" xmlns:z="http://schemas.microsoft.com/2003/10/Serialization/"><Attributes><Attribute z:Id="i2"><AttributeType>name</AttributeType><IsRequired>true</IsRequired><Value i:type="a:string" xmlns:a="http://www.w3.org/2001/XMLSchema">base_link</Value></Attribute></Attributes><ChildElements><URDFElement z:Id="i3" i:type="Inertial"><Attributes/><ChildElements><URDFElement z:Id="i4" i:type="Origin"><Attributes><Attribute z:Id="i5"><AttributeType>xyz</AttributeType><IsRequired>true</IsRequired><Value i:type="a:ArrayOfdouble" xmlns:a="http://schemas.microsoft.com/2003/10/Serialization/Arrays"><a:double>0</a:double><a:double>0</a:double><a:double>0</a:double></Value></Attribute><Attribute z:Id="i6"><AttributeType>rpy</AttributeType><IsRequired>true</IsRequired><Value i:type="a:ArrayOfdouble" xmlns:a="http://schemas.microsoft.com/2003/10/Serialization/Arrays"><a:double>0</a:double><a:double>0</a:double><a:double>0</a:double></Value></Attribute></Attributes><ChildElements/><ElementName>origin</ElementName><required>false</required><RPYAttribute z:Ref="i6"/><XYZAttribute z:Ref="i5"/><isCustomized>false</isCustomized></URDFElement><URDFElement z:Id="i7" i:type="Mass"><Attributes><Attribute z:Id="i8"><AttributeType>value</AttributeType><IsRequired>true</IsRequired><Value i:type="a:double" xmlns:a="http://www.w3.org/2001/XMLSchema">0</Value></Attribute></Attributes><ChildElements/><ElementName>mass</ElementName><required>false</required><ValueAttribute z:Ref="i8"/></URDFElement><URDFElement z:Id="i9" i:type="Inertia"><Attributes><Attribute z:Id="i10"><AttributeType>ixx</AttributeType><IsRequired>true</IsRequired><Value i:type="a:double" xmlns:a="http://www.w3.org/2001/XMLSchema">0</Value></Attribute><Attribute z:Id="i11"><AttributeType>ixy</AttributeType><IsRequired>true</IsRequired><Value i:type="a:double" xmlns:a="http://www.w3.org/2001/XMLSchema">0</Value></Attribute><Attribute z:Id="i12"><AttributeType>ixz</AttributeType><IsRequired>true</IsRequired><Value i:type="a:double" xmlns:a="http://www.w3.org/2001/XMLSchema">0</Value></Attribute><Attribute z:Id="i13"><AttributeType>iyy</AttributeType><IsRequired>true</IsRequired><Value i:type="a:double" xmlns:a="http://www.w3.org/2001/XMLSchema">0</Value></Attribute><Attribute z:Id="i14"><AttributeType>iyz</AttributeType><IsRequired>true</IsRequired><Value i:type="a:double" xmlns:a="http://www.w3.org/2001/XMLSchema">0</Value></Attribute><Attribute z:Id="i15"><AttributeType>izz</AttributeType><IsRequired>true</IsRequired><Value i:type="a:double" xmlns:a="http://www.w3.org/2001/XMLSchema">0</Value></Attribute></Attributes><ChildElements/><ElementName>inertia</ElementName><required>false</required><IxxAttribute z:Ref="i10"/><IxyAttribute z:Ref="i11"/><IxzAttribute z:Ref="i12"/><IyyAttribute z:Ref="i13"/><IyzAttribute z:Ref="i14"/><IzzAttribute z:Ref="i15"/></URDFElement></ChildElements><ElementName>inertial</ElementName><required>false</required><Inertia z:Ref="i9"/><Mass z:Ref="i7"/><Origin z:Ref="i4"/></URDFElement><URDFElement z:Id="i16" i:type="Visual"><Attributes/><ChildElements><URDFElement z:Id="i17" i:type="Origin"><Attributes><Attribute z:Id="i18"><AttributeType>xyz</AttributeType><IsRequired>true</IsRequired><Value i:type="a:ArrayOfdouble" xmlns:a="http://schemas.microsoft.com/2003/10/Serialization/Arrays"><a:double>0</a:double><a:double>0</a:double><a:double>0</a:double></Value></Attribute><Attribute z:Id="i19"><AttributeType>rpy</AttributeType><IsRequired>true</IsRequired><Value i:type="a:ArrayOfdouble" xmlns:a="http://schemas.microsoft.com/2003/10/Serialization/Arrays"><a:double>0</a:double><a:double>0</a:double><a:double>0</a:double></Value></Attribute></Attributes><ChildElements/><ElementName>origin</ElementName><required>false</required><RPYAttribute z:Ref="i19"/><XYZAttribute z:Ref="i18"/><isCustomized>false</isCustomized></URDFElement><URDFElement z:Id="i20" i:type="Geometry"><Attributes/><ChildElements><URDFElement z:Id="i21" i:type="Mesh"><Attributes><Attribute z:Id="i22"><AttributeType>filename</AttributeType><IsRequired>true</IsRequired><Value i:nil="true"/></Attribute></Attributes><ChildElements/><ElementName>mesh</ElementName><required>false</required><FilenameAttribute z:Ref="i22"/></URDFElement></ChildElements><ElementName>geometry</ElementName><required>true</required><Mesh z:Ref="i21"/></URDFElement><URDFElement z:Id="i23" i:type="Material"><Attributes><Attribute z:Id="i24"><AttributeType>name</AttributeType><IsRequired>true</IsRequired><Value i:type="a:string" xmlns:a="http://www.w3.org/2001/XMLSchema"/></Attribute></Attributes><ChildElements><URDFElement z:Id="i25" i:type="Color"><Attributes><Attribute z:Id="i26"><AttributeType>rgba</AttributeType><IsRequired>true</IsRequired><Value i:type="a:ArrayOfdouble" xmlns:a="http://schemas.microsoft.com/2003/10/Serialization/Arrays"><a:double>1</a:double><a:double>1</a:double><a:double>1</a:double><a:double>1</a:double></Value></Attribute></Attributes><ChildElements/><ElementName>color</ElementName><required>false</required><RGBAAttribute z:Ref="i26"/></URDFElement><URDFElement z:Id="i27" i:type="Texture"><Attributes><Attribute z:Id="i28"><AttributeType>filename</AttributeType><IsRequired>true</IsRequired><Value i:nil="true"/></Attribute></Attributes><ChildElements/><ElementName>texture</ElementName><required>false</required><FilenameAttribute z:Ref="i28"/><wFilename/></URDFElement></ChildElements><ElementName>material</ElementName><required>false</required><Color z:Ref="i25"/><NameAttribute z:Ref="i24"/><Texture z:Ref="i27"/></URDFElement></ChildElements><ElementName>visual</ElementName><required>false</required><Geometry z:Ref="i20"/><Material z:Ref="i23"/><Origin z:Ref="i17"/></URDFElement><URDFElement z:Id="i29" i:type="Collision"><Attributes/><ChildElements><URDFElement z:Id="i30" i:type="Origin"><Attributes><Attribute z:Id="i31"><AttributeType>xyz</AttributeType><IsRequired>true</IsRequired><Value i:type="a:ArrayOfdouble" xmlns:a="http://schemas.microsoft.com/2003/10/Serialization/Arrays"><a:double>0</a:double><a:double>0</a:double><a:double>0</a:double></Value></Attribute><Attribute z:Id="i32"><AttributeType>rpy</AttributeType><IsRequired>true</IsRequired><Value i:type="a:ArrayOfdouble" xmlns:a="http://schemas.microsoft.com/2003/10/Serialization/Arrays"><a:double>0</a:double><a:double>0</a:double><a:double>0</a:double></Value></Attribute></Attributes><ChildElements/><ElementName>origin</ElementName><required>false</required><RPYAttribute z:Ref="i32"/><XYZAttribute z:Ref="i31"/><isCustomized>false</isCustomized></URDFElement><URDFElement z:Id="i33" i:type="Geometry"><Attributes/><ChildElements><URDFElement z:Id="i34" i:type="Mesh"><Attributes><Attribute z:Id="i35"><AttributeType>filename</AttributeType><IsRequired>true</IsRequired><Value i:nil="true"/></Attribute></Attributes><ChildElements/><ElementName>mesh</ElementName><required>false</required><FilenameAttribute z:Ref="i35"/></URDFElement></ChildElements><ElementName>geometry</ElementName><required>true</required><Mesh z:Ref="i34"/></URDFElement></ChildElements><ElementName>collision</ElementName><required>false</required><Geometry z:Ref="i33"/><Origin z:Ref="i30"/></URDFElement><URDFElement z:Id="i36" i:type="Joint"><Attributes><Attribute z:Id="i37"><AttributeType>name</AttributeType><IsRequired>true</IsRequired><Value i:type="a:string" xmlns:a="http://www.w3.org/2001/XMLSchema"/></Attribute><Attribute z:Id="i38"><AttributeType>type</AttributeType><IsRequired>true</IsRequired><Value i:type="a:string" xmlns:a="http://www.w3.org/2001/XMLSchema"/></Attribute></Attributes><ChildElements><URDFElement z:Id="i39" i:type="Origin"><Attributes><Attribute z:Id="i40"><AttributeType>xyz</AttributeType><IsRequired>true</IsRequired><Value i:type="a:ArrayOfdouble" xmlns:a="http://schemas.microsoft.com/2003/10/Serialization/Arrays"><a:double>0</a:double><a:double>0</a:double><a:double>0</a:double></Value></Attribute><Attribute z:Id="i41"><AttributeType>rpy</AttributeType><IsRequired>true</IsRequired><Value i:type="a:ArrayOfdouble" xmlns:a="http://schemas.microsoft.com/2003/10/Serialization/Arrays"><a:double>0</a:double><a:double>0</a:double><a:double>0</a:double></Value></Attribute></Attributes><ChildElements/><ElementName>origin</ElementName><required>false</required><RPYAttribute z:Ref="i41"/><XYZAttribute z:Ref="i40"/><isCustomized>false</isCustomized></URDFElement><URDFElement z:Id="i42" i:type="ParentLink"><Attributes><Attribute z:Id="i43"><AttributeType>link</AttributeType><IsRequired>true</IsRequired><Value i:type="a:string" xmlns:a="http://www.w3.org/2001/XMLSchema"/></Attribute></Attributes><ChildElements/><ElementName>parent</ElementName><required>true</required><NameAttribute z:Ref="i43"/></URDFElement><URDFElement z:Id="i44" i:type="ChildLink"><Attributes><Attribute z:Id="i45"><AttributeType>link</AttributeType><IsRequired>true</IsRequired><Value i:type="a:string" xmlns:a="http://www.w3.org/2001/XMLSchema"/></Attribute></Attributes><ChildElements/><ElementName>child</ElementName><required>true</required><NameAttribute z:Ref="i45"/></URDFElement><URDFElement z:Id="i46" i:type="Axis"><Attributes><Attribute z:Id="i47"><AttributeType>xyz</AttributeType><IsRequired>true</IsRequired><Value i:type="a:ArrayOfdouble" xmlns:a="http://schemas.microsoft.com/2003/10/Serialization/Arrays"><a:double>0</a:double><a:double>0</a:double><a:double>0</a:double></Value></Attribute></Attributes><ChildElements/><ElementName>axis</ElementName><required>false</required><XYZAttribute z:Ref="i47"/></URDFElement><URDFElement z:Id="i48" i:type="Limit"><Attributes><Attribute z:Id="i49"><AttributeType>lower</AttributeType><IsRequired>false</IsRequired><Value i:nil="true"/></Attribute><Attribute z:Id="i50"><AttributeType>upper</AttributeType><IsRequired>false</IsRequired><Value i:nil="true"/></Attribute><Attribute z:Id="i51"><AttributeType>effort</AttributeType><IsRequired>true</IsRequired><Value i:nil="true"/></Attribute><Attribute z:Id="i52"><AttributeType>velocity</AttributeType><IsRequired>true</IsRequired><Value i:nil="true"/></Attribute></Attributes><ChildElements/><ElementName>limit</ElementName><required>false</required><EffortAttribute z:Ref="i51"/><LowerAttribute z:Ref="i49"/><UpperAttribute z:Ref="i50"/><VelocityAttribute z:Ref="i52"/></URDFElement><URDFElement z:Id="i53" i:type="Calibration"><Attributes><Attribute z:Id="i54"><AttributeType>rising</AttributeType><IsRequired>false</IsRequired><Value i:nil="true"/></Attribute><Attribute z:Id="i55"><AttributeType>falling</AttributeType><IsRequired>false</IsRequired><Value i:nil="true"/></Attribute></Attributes><ChildElements/><ElementName>calibration</ElementName><required>false</required><FallingAttribute z:Ref="i55"/><RisingAttribute z:Ref="i54"/></URDFElement><URDFElement z:Id="i56" i:type="Dynamics"><Attributes><Attribute z:Id="i57"><AttributeType>damping</AttributeType><IsRequired>false</IsRequired><Value i:nil="true"/></Attribute><Attribute z:Id="i58"><AttributeType>friction</AttributeType><IsRequired>false</IsRequired><Value i:nil="true"/></Attribute></Attributes><ChildElements/><ElementName>dynamics</ElementName><required>false</required><DampingAttribute z:Ref="i57"/><FrictionAttribute z:Ref="i58"/></URDFElement><URDFElement z:Id="i59" i:type="SafetyController"><Attributes><Attribute z:Id="i60"><AttributeType>soft_upper_limit</AttributeType><IsRequired>false</IsRequired><Value i:nil="true"/></Attribute><Attribute z:Id="i61"><AttributeType>soft_lower_limit</AttributeType><IsRequired>false</IsRequired><Value i:nil="true"/></Attribute><Attribute z:Id="i62"><AttributeType>k_position</AttributeType><IsRequired>false</IsRequired><Value i:nil="true"/></Attribute><Attribute z:Id="i63"><AttributeType>k_velocity</AttributeType><IsRequired>true</IsRequired><Value i:nil="true"/></Attribute></Attributes><ChildElements/><ElementName>safety_controller</ElementName><required>false</required><KPositionAttribute z:Ref="i62"/><KVelocityAttribute z:Ref="i63"/><SoftLowerAttribute z:Ref="i61"/><SoftUpperAttribute z:Ref="i60"/></URDFElement><URDFElement z:Id="i64" i:type="Mimic"><Attributes><Attribute z:Id="i65"><AttributeType>joint</AttributeType><IsRequired>true</IsRequired><Value i:nil="true"/></Attribute><Attribute z:Id="i66"><AttributeType>multiplier</AttributeType><IsRequired>false</IsRequired><Value i:nil="true"/></Attribute><Attribute z:Id="i67"><AttributeType>offset</AttributeType><IsRequired>false</IsRequired><Value i:nil="true"/></Attribute></Attributes><ChildElements/><ElementName>mimic</ElementName><required>false</required><JointNameAttribute z:Ref="i65"/><MultiplierAttribute z:Ref="i66"/><OffsetAttribute z:Ref="i67"/></URDFElement></ChildElements><ElementName>joint</ElementName><required>false</required><Axis z:Ref="i46"/><AxisName/><Calibration z:Ref="i53"/><Child z:Ref="i44"/><CoordinateSystemName>Automatically Generate</CoordinateSystemName><Dynamics z:Ref="i56"/><Limit z:Ref="i48"/><Mimic z:Ref="i64"/><NameAttribute z:Ref="i37"/><Origin z:Ref="i39"/><Parent z:Ref="i42"/><Safety z:Ref="i59"/><TypeAttribute z:Ref="i38"/></URDFElement></ChildElements><ElementName>link</ElementName><required>true</required><Children><Link z:Id="i68"><Attributes><Attribute z:Id="i69"><AttributeType>name</AttributeType><IsRequired>true</IsRequired><Value i:type="a:string" xmlns:a="http://www.w3.org/2001/XMLSchema">Eje_Principal_link</Value></Attribute></Attributes><ChildElements><URDFElement z:Id="i70" i:type="Inertial"><Attributes/><ChildElements><URDFElement z:Id="i71" i:type="Origin"><Attributes><Attribute z:Id="i72"><AttributeType>xyz</AttributeType><IsRequired>true</IsRequired><Value i:type="a:ArrayOfdouble" xmlns:a="http://schemas.microsoft.com/2003/10/Serialization/Arrays"><a:double>0</a:double><a:double>0</a:double><a:double>0</a:double></Value></Attribute><Attribute z:Id="i73"><AttributeType>rpy</AttributeType><IsRequired>true</IsRequired><Value i:type="a:ArrayOfdouble" xmlns:a="http://schemas.microsoft.com/2003/10/Serialization/Arrays"><a:double>0</a:double><a:double>0</a:double><a:double>0</a:double></Value></Attribute></Attributes><ChildElements/><ElementName>origin</ElementName><required>false</required><RPYAttribute z:Ref="i73"/><XYZAttribute z:Ref="i72"/><isCustomized>false</isCustomized></URDFElement><URDFElement z:Id="i74" i:type="Mass"><Attributes><Attribute z:Id="i75"><AttributeType>value</AttributeType><IsRequired>true</IsRequired><Value i:type="a:double" xmlns:a="http://www.w3.org/2001/XMLSchema">0</Value></Attribute></Attributes><ChildElements/><ElementName>mass</ElementName><required>false</required><ValueAttribute z:Ref="i75"/></URDFElement><URDFElement z:Id="i76" i:type="Inertia"><Attributes><Attribute z:Id="i77"><AttributeType>ixx</AttributeType><IsRequired>true</IsRequired><Value i:type="a:double" xmlns:a="http://www.w3.org/2001/XMLSchema">0</Value></Attribute><Attribute z:Id="i78"><AttributeType>ixy</AttributeType><IsRequired>true</IsRequired><Value i:type="a:double" xmlns:a="http://www.w3.org/2001/XMLSchema">0</Value></Attribute><Attribute z:Id="i79"><AttributeType>ixz</AttributeType><IsRequired>true</IsRequired><Value i:type="a:double" xmlns:a="http://www.w3.org/2001/XMLSchema">0</Value></Attribute><Attribute z:Id="i80"><AttributeType>iyy</AttributeType><IsRequired>true</IsRequired><Value i:type="a:double" xmlns:a="http://www.w3.org/2001/XMLSchema">0</Value></Attribute><Attribute z:Id="i81"><AttributeType>iyz</AttributeType><IsRequired>true</IsRequired><Value i:type="a:double" xmlns:a="http://www.w3.org/2001/XMLSchema">0</Value></Attribute><Attribute z:Id="i82"><AttributeType>izz</AttributeType><IsRequired>true</IsRequired><Value i:type="a:double" xmlns:a="http://www.w3.org/2001/XMLSchema">0</Value></Attribute></Attributes><ChildElements/><ElementName>inertia</ElementName><required>false</required><IxxAttribute z:Ref="i77"/><IxyAttribute z:Ref="i78"/><IxzAttribute z:Ref="i79"/><IyyAttribute z:Ref="i80"/><IyzAttribute z:Ref="i81"/><IzzAttribute z:Ref="i82"/></URDFElement></ChildElements><ElementName>inertial</ElementName><required>false</required><Inertia z:Ref="i76"/><Mass z:Ref="i74"/><Origin z:Ref="i71"/></URDFElement><URDFElement z:Id="i83" i:type="Visual"><Attributes/><ChildElements><URDFElement z:Id="i84" i:type="Origin"><Attributes><Attribute z:Id="i85"><AttributeType>xyz</AttributeType><IsRequired>true</IsRequired><Value i:type="a:ArrayOfdouble" xmlns:a="http://schemas.microsoft.com/2003/10/Serialization/Arrays"><a:double>0</a:double><a:double>0</a:double><a:double>0</a:double></Value></Attribute><Attribute z:Id="i86"><AttributeType>rpy</AttributeType><IsRequired>true</IsRequired><Value i:type="a:ArrayOfdouble" xmlns:a="http://schemas.microsoft.com/2003/10/Serialization/Arrays"><a:double>0</a:double><a:double>0</a:double><a:double>0</a:double></Value></Attribute></Attributes><ChildElements/><ElementName>origin</ElementName><required>false</required><RPYAttribute z:Ref="i86"/><XYZAttribute z:Ref="i85"/><isCustomized>false</isCustomized></URDFElement><URDFElement z:Id="i87" i:type="Geometry"><Attributes/><ChildElements><URDFElement z:Id="i88" i:type="Mesh"><Attributes><Attribute z:Id="i89"><AttributeType>filename</AttributeType><IsRequired>true</IsRequired><Value i:nil="true"/></Attribute></Attributes><ChildElements/><ElementName>mesh</ElementName><required>false</required><FilenameAttribute z:Ref="i89"/></URDFElement></ChildElements><ElementName>geometry</ElementName><required>true</required><Mesh z:Ref="i88"/></URDFElement><URDFElement z:Id="i90" i:type="Material"><Attributes><Attribute z:Id="i91"><AttributeType>name</AttributeType><IsRequired>true</IsRequired><Value i:type="a:string" xmlns:a="http://www.w3.org/2001/XMLSchema"/></Attribute></Attributes><ChildElements><URDFElement z:Id="i92" i:type="Color"><Attributes><Attribute z:Id="i93"><AttributeType>rgba</AttributeType><IsRequired>true</IsRequired><Value i:type="a:ArrayOfdouble" xmlns:a="http://schemas.microsoft.com/2003/10/Serialization/Arrays"><a:double>1</a:double><a:double>1</a:double><a:double>1</a:double><a:double>1</a:double></Value></Attribute></Attributes><ChildElements/><ElementName>color</ElementName><required>false</required><RGBAAttribute z:Ref="i93"/></URDFElement><URDFElement z:Id="i94" i:type="Texture"><Attributes><Attribute z:Id="i95"><AttributeType>filename</AttributeType><IsRequired>true</IsRequired><Value i:nil="true"/></Attribute></Attributes><ChildElements/><ElementName>texture</ElementName><required>false</required><FilenameAttribute z:Ref="i95"/><wFilename/></URDFElement></ChildElements><ElementName>material</ElementName><required>false</required><Color z:Ref="i92"/><NameAttribute z:Ref="i91"/><Texture z:Ref="i94"/></URDFElement></ChildElements><ElementName>visual</ElementName><required>false</required><Geometry z:Ref="i87"/><Material z:Ref="i90"/><Origin z:Ref="i84"/></URDFElement><URDFElement z:Id="i96" i:type="Collision"><Attributes/><ChildElements><URDFElement z:Id="i97" i:type="Origin"><Attributes><Attribute z:Id="i98"><AttributeType>xyz</AttributeType><IsRequired>true</IsRequired><Value i:type="a:ArrayOfdouble" xmlns:a="http://schemas.microsoft.com/2003/10/Serialization/Arrays"><a:double>0</a:double><a:double>0</a:double><a:double>0</a:double></Value></Attribute><Attribute z:Id="i99"><AttributeType>rpy</AttributeType><IsRequired>true</IsRequired><Value i:type="a:ArrayOfdouble" xmlns:a="http://schemas.microsoft.com/2003/10/Serialization/Arrays"><a:double>0</a:double><a:double>0</a:double><a:double>0</a:double></Value></Attribute></Attributes><ChildElements/><ElementName>origin</ElementName><required>false</required><RPYAttribute z:Ref="i99"/><XYZAttribute z:Ref="i98"/><isCustomized>false</isCustomized></URDFElement><URDFElement z:Id="i100" i:type="Geometry"><Attributes/><ChildElements><URDFElement z:Id="i101" i:type="Mesh"><Attributes><Attribute z:Id="i102"><AttributeType>filename</AttributeType><IsRequired>true</IsRequired><Value i:nil="true"/></Attribute></Attributes><ChildElements/><ElementName>mesh</ElementName><required>false</required><FilenameAttribute z:Ref="i102"/></URDFElement></ChildElements><ElementName>geometry</ElementName><required>true</required><Mesh z:Ref="i101"/></URDFElement></ChildElements><ElementName>collision</ElementName><required>false</required><Geometry z:Ref="i100"/><Origin z:Ref="i97"/></URDFElement><URDFElement z:Id="i103" i:type="Joint"><Attributes><Attribute z:Id="i104"><AttributeType>name</AttributeType><IsRequired>true</IsRequired><Value i:type="a:string" xmlns:a="http://www.w3.org/2001/XMLSchema">Eje_Principal_joint</Value></Attribute><Attribute z:Id="i105"><AttributeType>type</AttributeType><IsRequired>true</IsRequired><Value i:type="a:string" xmlns:a="http://www.w3.org/2001/XMLSchema">continuous</Value></Attribute></Attributes><ChildElements><URDFElement z:Id="i106" i:type="Origin"><Attributes><Attribute z:Id="i107"><AttributeType>xyz</AttributeType><IsRequired>true</IsRequired><Value i:type="a:ArrayOfdouble" xmlns:a="http://schemas.microsoft.com/2003/10/Serialization/Arrays"><a:double>0</a:double><a:double>0</a:double><a:double>0</a:double></Value></Attribute><Attribute z:Id="i108"><AttributeType>rpy</AttributeType><IsRequired>true</IsRequired><Value i:type="a:ArrayOfdouble" xmlns:a="http://schemas.microsoft.com/2003/10/Serialization/Arrays"><a:double>0</a:double><a:double>0</a:double><a:double>0</a:double></Value></Attribute></Attributes><ChildElements/><ElementName>origin</ElementName><required>false</required><RPYAttribute z:Ref="i108"/><XYZAttribute z:Ref="i107"/><isCustomized>false</isCustomized></URDFElement><URDFElement z:Id="i109" i:type="ParentLink"><Attributes><Attribute z:Id="i110"><AttributeType>link</AttributeType><IsRequired>true</IsRequired><Value i:type="a:string" xmlns:a="http://www.w3.org/2001/XMLSchema"/></Attribute></Attributes><ChildElements/><ElementName>parent</ElementName><required>true</required><NameAttribute z:Ref="i110"/></URDFElement><URDFElement z:Id="i111" i:type="ChildLink"><Attributes><Attribute z:Id="i112"><AttributeType>link</AttributeType><IsRequired>true</IsRequired><Value i:type="a:string" xmlns:a="http://www.w3.org/2001/XMLSchema"/></Attribute></Attributes><ChildElements/><ElementName>child</ElementName><required>true</required><NameAttribute z:Ref="i112"/></URDFElement><URDFElement z:Id="i113" i:type="Axis"><Attributes><Attribute z:Id="i114"><AttributeType>xyz</AttributeType><IsRequired>true</IsRequired><Value i:type="a:ArrayOfdouble" xmlns:a="http://schemas.microsoft.com/2003/10/Serialization/Arrays"><a:double>0</a:double><a:double>0</a:double><a:double>0</a:double></Value></Attribute></Attributes><ChildElements/><ElementName>axis</ElementName><required>false</required><XYZAttribute z:Ref="i114"/></URDFElement><URDFElement z:Id="i115" i:type="Limit"><Attributes><Attribute z:Id="i116"><AttributeType>lower</AttributeType><IsRequired>false</IsRequired><Value i:nil="true"/></Attribute><Attribute z:Id="i117"><AttributeType>upper</AttributeType><IsRequired>false</IsRequired><Value i:nil="true"/></Attribute><Attribute z:Id="i118"><AttributeType>effort</AttributeType><IsRequired>true</IsRequired><Value i:nil="true"/></Attribute><Attribute z:Id="i119"><AttributeType>velocity</AttributeType><IsRequired>true</IsRequired><Value i:nil="true"/></Attribute></Attributes><ChildElements/><ElementName>limit</ElementName><required>false</required><EffortAttribute z:Ref="i118"/><LowerAttribute z:Ref="i116"/><UpperAttribute z:Ref="i117"/><VelocityAttribute z:Ref="i119"/></URDFElement><URDFElement z:Id="i120" i:type="Calibration"><Attributes><Attribute z:Id="i121"><AttributeType>rising</AttributeType><IsRequired>false</IsRequired><Value i:nil="true"/></Attribute><Attribute z:Id="i122"><AttributeType>falling</AttributeType><IsRequired>false</IsRequired><Value i:nil="true"/></Attribute></Attributes><ChildElements/><ElementName>calibration</ElementName><required>false</required><FallingAttribute z:Ref="i122"/><RisingAttribute z:Ref="i121"/></URDFElement><URDFElement z:Id="i123" i:type="Dynamics"><Attributes><Attribute z:Id="i124"><AttributeType>damping</AttributeType><IsRequired>false</IsRequired><Value i:nil="true"/></Attribute><Attribute z:Id="i125"><AttributeType>friction</AttributeType><IsRequired>false</IsRequired><Value i:nil="true"/></Attribute></Attributes><ChildElements/><ElementName>dynamics</ElementName><required>false</required><DampingAttribute z:Ref="i124"/><FrictionAttribute z:Ref="i125"/></URDFElement><URDFElement z:Id="i126" i:type="SafetyController"><Attributes><Attribute z:Id="i127"><AttributeType>soft_upper_limit</AttributeType><IsRequired>false</IsRequired><Value i:nil="true"/></Attribute><Attribute z:Id="i128"><AttributeType>soft_lower_limit</AttributeType><IsRequired>false</IsRequired><Value i:nil="true"/></Attribute><Attribute z:Id="i129"><AttributeType>k_position</AttributeType><IsRequired>false</IsRequired><Value i:nil="true"/></Attribute><Attribute z:Id="i130"><AttributeType>k_velocity</AttributeType><IsRequired>true</IsRequired><Value i:nil="true"/></Attribute></Attributes><ChildElements/><ElementName>safety_controller</ElementName><required>false</required><KPositionAttribute z:Ref="i129"/><KVelocityAttribute z:Ref="i130"/><SoftLowerAttribute z:Ref="i128"/><SoftUpperAttribute z:Ref="i127"/></URDFElement><URDFElement z:Id="i131" i:type="Mimic"><Attributes><Attribute z:Id="i132"><AttributeType>joint</AttributeType><IsRequired>true</IsRequired><Value i:nil="true"/></Attribute><Attribute z:Id="i133"><AttributeType>multiplier</AttributeType><IsRequired>false</IsRequired><Value i:nil="true"/></Attribute><Attribute z:Id="i134"><AttributeType>offset</AttributeType><IsRequired>false</IsRequired><Value i:nil="true"/></Attribute></Attributes><ChildElements/><ElementName>mimic</ElementName><required>false</required><JointNameAttribute z:Ref="i132"/><MultiplierAttribute z:Ref="i133"/><OffsetAttribute z:Ref="i134"/></URDFElement></ChildElements><ElementName>joint</ElementName><required>false</required><Axis z:Ref="i113"/><AxisName>Automatically Generate</AxisName><Calibration z:Ref="i120"/><Child z:Ref="i111"/><CoordinateSystemName>Automatically Generate</CoordinateSystemName><Dynamics z:Ref="i123"/><Limit z:Ref="i115"/><Mimic z:Ref="i131"/><NameAttribute z:Ref="i104"/><Origin z:Ref="i106"/><Parent z:Ref="i109"/><Safety z:Ref="i126"/><TypeAttribute z:Ref="i105"/></URDFElement></ChildElements><ElementName>link</ElementName><required>true</required><Children/><Collision z:Ref="i96"/><Inertial z:Ref="i70"/><Joint z:Ref="i103"/><NameAttribute z:Ref="i69"/><Parent z:Ref="i1"/><STLQualityFine>false</STLQualityFine><SWComponentPIDs xmlns:a="http://schemas.microsoft.com/2003/10/Serialization/Arrays"><a:base64Binary>UEYAAAUAAAD//v9URQBOAFMAQQBNAEIATABBAEoARQBCAFIAQQBaAE8ARgBJAE4AQQBMAFMATABEAEEAUwBNAC0AMQBAAEUAbgBzAGEAbQBiAGwAYQBqAGUAVQBSAEQARgBQAFIASQBNAE8ALwBCAFIAQQBaAE8AMQAtADEAQABFAE4AUwBBAE0AQgBMAEEASgBFAEIAUgBBAFoATwBGAEkATgBBAEwAUwBMAEQAQQBTAE0ABAAAABAAAAABAAAAAgAAABgAAAA1AAAA</a:base64Binary></SWComponentPIDs><SWMainComponentPID i:nil="true"/><Visual z:Ref="i83"/><isFixedFrame>false</isFixedFrame><isIncomplete>false</isIncomplete></Link><Link z:Id="i135"><Attributes><Attribute z:Id="i136"><AttributeType>name</AttributeType><IsRequired>true</IsRequired><Value i:type="a:string" xmlns:a="http://www.w3.org/2001/XMLSchema">Eje_largo_link</Value></Attribute></Attributes><ChildElements><URDFElement z:Id="i137" i:type="Inertial"><Attributes/><ChildElements><URDFElement z:Id="i138" i:type="Origin"><Attributes><Attribute z:Id="i139"><AttributeType>xyz</AttributeType><IsRequired>true</IsRequired><Value i:type="a:ArrayOfdouble" xmlns:a="http://schemas.microsoft.com/2003/10/Serialization/Arrays"><a:double>0</a:double><a:double>0</a:double><a:double>0</a:double></Value></Attribute><Attribute z:Id="i140"><AttributeType>rpy</AttributeType><IsRequired>true</IsRequired><Value i:type="a:ArrayOfdouble" xmlns:a="http://schemas.microsoft.com/2003/10/Serialization/Arrays"><a:double>0</a:double><a:double>0</a:double><a:double>0</a:double></Value></Attribute></Attributes><ChildElements/><ElementName>origin</ElementName><required>false</required><RPYAttribute z:Ref="i140"/><XYZAttribute z:Ref="i139"/><isCustomized>false</isCustomized></URDFElement><URDFElement z:Id="i141" i:type="Mass"><Attributes><Attribute z:Id="i142"><AttributeType>value</AttributeType><IsRequired>true</IsRequired><Value i:type="a:double" xmlns:a="http://www.w3.org/2001/XMLSchema">0</Value></Attribute></Attributes><ChildElements/><ElementName>mass</ElementName><required>false</required><ValueAttribute z:Ref="i142"/></URDFElement><URDFElement z:Id="i143" i:type="Inertia"><Attributes><Attribute z:Id="i144"><AttributeType>ixx</AttributeType><IsRequired>true</IsRequired><Value i:type="a:double" xmlns:a="http://www.w3.org/2001/XMLSchema">0</Value></Attribute><Attribute z:Id="i145"><AttributeType>ixy</AttributeType><IsRequired>true</IsRequired><Value i:type="a:double" xmlns:a="http://www.w3.org/2001/XMLSchema">0</Value></Attribute><Attribute z:Id="i146"><AttributeType>ixz</AttributeType><IsRequired>true</IsRequired><Value i:type="a:double" xmlns:a="http://www.w3.org/2001/XMLSchema">0</Value></Attribute><Attribute z:Id="i147"><AttributeType>iyy</AttributeType><IsRequired>true</IsRequired><Value i:type="a:double" xmlns:a="http://www.w3.org/2001/XMLSchema">0</Value></Attribute><Attribute z:Id="i148"><AttributeType>iyz</AttributeType><IsRequired>true</IsRequired><Value i:type="a:double" xmlns:a="http://www.w3.org/2001/XMLSchema">0</Value></Attribute><Attribute z:Id="i149"><AttributeType>izz</AttributeType><IsRequired>true</IsRequired><Value i:type="a:double" xmlns:a="http://www.w3.org/2001/XMLSchema">0</Value></Attribute></Attributes><ChildElements/><ElementName>inertia</ElementName><required>false</required><IxxAttribute z:Ref="i144"/><IxyAttribute z:Ref="i145"/><IxzAttribute z:Ref="i146"/><IyyAttribute z:Ref="i147"/><IyzAttribute z:Ref="i148"/><IzzAttribute z:Ref="i149"/></URDFElement></ChildElements><ElementName>inertial</ElementName><required>false</required><Inertia z:Ref="i143"/><Mass z:Ref="i141"/><Origin z:Ref="i138"/></URDFElement><URDFElement z:Id="i150" i:type="Visual"><Attributes/><ChildElements><URDFElement z:Id="i151" i:type="Origin"><Attributes><Attribute z:Id="i152"><AttributeType>xyz</AttributeType><IsRequired>true</IsRequired><Value i:type="a:ArrayOfdouble" xmlns:a="http://schemas.microsoft.com/2003/10/Serialization/Arrays"><a:double>0</a:double><a:double>0</a:double><a:double>0</a:double></Value></Attribute><Attribute z:Id="i153"><AttributeType>rpy</AttributeType><IsRequired>true</IsRequired><Value i:type="a:ArrayOfdouble" xmlns:a="http://schemas.microsoft.com/2003/10/Serialization/Arrays"><a:double>0</a:double><a:double>0</a:double><a:double>0</a:double></Value></Attribute></Attributes><ChildElements/><ElementName>origin</ElementName><required>false</required><RPYAttribute z:Ref="i153"/><XYZAttribute z:Ref="i152"/><isCustomized>false</isCustomized></URDFElement><URDFElement z:Id="i154" i:type="Geometry"><Attributes/><ChildElements><URDFElement z:Id="i155" i:type="Mesh"><Attributes><Attribute z:Id="i156"><AttributeType>filename</AttributeType><IsRequired>true</IsRequired><Value i:nil="true"/></Attribute></Attributes><ChildElements/><ElementName>mesh</ElementName><required>false</required><FilenameAttribute z:Ref="i156"/></URDFElement></ChildElements><ElementName>geometry</ElementName><required>true</required><Mesh z:Ref="i155"/></URDFElement><URDFElement z:Id="i157" i:type="Material"><Attributes><Attribute z:Id="i158"><AttributeType>name</AttributeType><IsRequired>true</IsRequired><Value i:type="a:string" xmlns:a="http://www.w3.org/2001/XMLSchema"/></Attribute></Attributes><ChildElements><URDFElement z:Id="i159" i:type="Color"><Attributes><Attribute z:Id="i160"><AttributeType>rgba</AttributeType><IsRequired>true</IsRequired><Value i:type="a:ArrayOfdouble" xmlns:a="http://schemas.microsoft.com/2003/10/Serialization/Arrays"><a:double>1</a:double><a:double>1</a:double><a:double>1</a:double><a:double>1</a:double></Value></Attribute></Attributes><ChildElements/><ElementName>color</ElementName><required>false</required><RGBAAttribute z:Ref="i160"/></URDFElement><URDFElement z:Id="i161" i:type="Texture"><Attributes><Attribute z:Id="i162"><AttributeType>filename</AttributeType><IsRequired>true</IsRequired><Value i:nil="true"/></Attribute></Attributes><ChildElements/><ElementName>texture</ElementName><required>false</required><FilenameAttribute z:Ref="i162"/><wFilename/></URDFElement></ChildElements><ElementName>material</ElementName><required>false</required><Color z:Ref="i159"/><NameAttribute z:Ref="i158"/><Texture z:Ref="i161"/></URDFElement></ChildElements><ElementName>visual</ElementName><required>false</required><Geometry z:Ref="i154"/><Material z:Ref="i157"/><Origin z:Ref="i151"/></URDFElement><URDFElement z:Id="i163" i:type="Collision"><Attributes/><ChildElements><URDFElement z:Id="i164" i:type="Origin"><Attributes><Attribute z:Id="i165"><AttributeType>xyz</AttributeType><IsRequired>true</IsRequired><Value i:type="a:ArrayOfdouble" xmlns:a="http://schemas.microsoft.com/2003/10/Serialization/Arrays"><a:double>0</a:double><a:double>0</a:double><a:double>0</a:double></Value></Attribute><Attribute z:Id="i166"><AttributeType>rpy</AttributeType><IsRequired>true</IsRequired><Value i:type="a:ArrayOfdouble" xmlns:a="http://schemas.microsoft.com/2003/10/Serialization/Arrays"><a:double>0</a:double><a:double>0</a:double><a:double>0</a:double></Value></Attribute></Attributes><ChildElements/><ElementName>origin</ElementName><required>false</required><RPYAttribute z:Ref="i166"/><XYZAttribute z:Ref="i165"/><isCustomized>false</isCustomized></URDFElement><URDFElement z:Id="i167" i:type="Geometry"><Attributes/><ChildElements><URDFElement z:Id="i168" i:type="Mesh"><Attributes><Attribute z:Id="i169"><AttributeType>filename</AttributeType><IsRequired>true</IsRequired><Value i:nil="true"/></Attribute></Attributes><ChildElements/><ElementName>mesh</ElementName><required>false</required><FilenameAttribute z:Ref="i169"/></URDFElement></ChildElements><ElementName>geometry</ElementName><required>true</required><Mesh z:Ref="i168"/></URDFElement></ChildElements><ElementName>collision</ElementName><required>false</required><Geometry z:Ref="i167"/><Origin z:Ref="i164"/></URDFElement><URDFElement z:Id="i170" i:type="Joint"><Attributes><Attribute z:Id="i171"><AttributeType>name</AttributeType><IsRequired>true</IsRequired><Value i:type="a:string" xmlns:a="http://www.w3.org/2001/XMLSchema">Eje_largo_link</Value></Attribute><Attribute z:Id="i172"><AttributeType>type</AttributeType><IsRequired>true</IsRequired><Value i:type="a:string" xmlns:a="http://www.w3.org/2001/XMLSchema">continuous</Value></Attribute></Attributes><ChildElements><URDFElement z:Id="i173" i:type="Origin"><Attributes><Attribute z:Id="i174"><AttributeType>xyz</AttributeType><IsRequired>true</IsRequired><Value i:type="a:ArrayOfdouble" xmlns:a="http://schemas.microsoft.com/2003/10/Serialization/Arrays"><a:double>0</a:double><a:double>0</a:double><a:double>0</a:double></Value></Attribute><Attribute z:Id="i175"><AttributeType>rpy</AttributeType><IsRequired>true</IsRequired><Value i:type="a:ArrayOfdouble" xmlns:a="http://schemas.microsoft.com/2003/10/Serialization/Arrays"><a:double>0</a:double><a:double>0</a:double><a:double>0</a:double></Value></Attribute></Attributes><ChildElements/><ElementName>origin</ElementName><required>false</required><RPYAttribute z:Ref="i175"/><XYZAttribute z:Ref="i174"/><isCustomized>false</isCustomized></URDFElement><URDFElement z:Id="i176" i:type="ParentLink"><Attributes><Attribute z:Id="i177"><AttributeType>link</AttributeType><IsRequired>true</IsRequired><Value i:type="a:string" xmlns:a="http://www.w3.org/2001/XMLSchema"/></Attribute></Attributes><ChildElements/><ElementName>parent</ElementName><required>true</required><NameAttribute z:Ref="i177"/></URDFElement><URDFElement z:Id="i178" i:type="ChildLink"><Attributes><Attribute z:Id="i179"><AttributeType>link</AttributeType><IsRequired>true</IsRequired><Value i:type="a:string" xmlns:a="http://www.w3.org/2001/XMLSchema"/></Attribute></Attributes><ChildElements/><ElementName>child</ElementName><required>true</required><NameAttribute z:Ref="i179"/></URDFElement><URDFElement z:Id="i180" i:type="Axis"><Attributes><Attribute z:Id="i181"><AttributeType>xyz</AttributeType><IsRequired>true</IsRequired><Value i:type="a:ArrayOfdouble" xmlns:a="http://schemas.microsoft.com/2003/10/Serialization/Arrays"><a:double>0</a:double><a:double>0</a:double><a:double>0</a:double></Value></Attribute></Attributes><ChildElements/><ElementName>axis</ElementName><required>false</required><XYZAttribute z:Ref="i181"/></URDFElement><URDFElement z:Id="i182" i:type="Limit"><Attributes><Attribute z:Id="i183"><AttributeType>lower</AttributeType><IsRequired>false</IsRequired><Value i:nil="true"/></Attribute><Attribute z:Id="i184"><AttributeType>upper</AttributeType><IsRequired>false</IsRequired><Value i:nil="true"/></Attribute><Attribute z:Id="i185"><AttributeType>effort</AttributeType><IsRequired>true</IsRequired><Value i:nil="true"/></Attribute><Attribute z:Id="i186"><AttributeType>velocity</AttributeType><IsRequired>true</IsRequired><Value i:nil="true"/></Attribute></Attributes><ChildElements/><ElementName>limit</ElementName><required>false</required><EffortAttribute z:Ref="i185"/><LowerAttribute z:Ref="i183"/><UpperAttribute z:Ref="i184"/><VelocityAttribute z:Ref="i186"/></URDFElement><URDFElement z:Id="i187" i:type="Calibration"><Attributes><Attribute z:Id="i188"><AttributeType>rising</AttributeType><IsRequired>false</IsRequired><Value i:nil="true"/></Attribute><Attribute z:Id="i189"><AttributeType>falling</AttributeType><IsRequired>false</IsRequired><Value i:nil="true"/></Attribute></Attributes><ChildElements/><ElementName>calibration</ElementName><required>false</required><FallingAttribute z:Ref="i189"/><RisingAttribute z:Ref="i188"/></URDFElement><URDFElement z:Id="i190" i:type="Dynamics"><Attributes><Attribute z:Id="i191"><AttributeType>damping</AttributeType><IsRequired>false</IsRequired><Value i:nil="true"/></Attribute><Attribute z:Id="i192"><AttributeType>friction</AttributeType><IsRequired>false</IsRequired><Value i:nil="true"/></Attribute></Attributes><ChildElements/><ElementName>dynamics</ElementName><required>false</required><DampingAttribute z:Ref="i191"/><FrictionAttribute z:Ref="i192"/></URDFElement><URDFElement z:Id="i193" i:type="SafetyController"><Attributes><Attribute z:Id="i194"><AttributeType>soft_upper_limit</AttributeType><IsRequired>false</IsRequired><Value i:nil="true"/></Attribute><Attribute z:Id="i195"><AttributeType>soft_lower_limit</AttributeType><IsRequired>false</IsRequired><Value i:nil="true"/></Attribute><Attribute z:Id="i196"><AttributeType>k_position</AttributeType><IsRequired>false</IsRequired><Value i:nil="true"/></Attribute><Attribute z:Id="i197"><AttributeType>k_velocity</AttributeType><IsRequired>true</IsRequired><Value i:nil="true"/></Attribute></Attributes><ChildElements/><ElementName>safety_controller</ElementName><required>false</required><KPositionAttribute z:Ref="i196"/><KVelocityAttribute z:Ref="i197"/><SoftLowerAttribute z:Ref="i195"/><SoftUpperAttribute z:Ref="i194"/></URDFElement><URDFElement z:Id="i198" i:type="Mimic"><Attributes><Attribute z:Id="i199"><AttributeType>joint</AttributeType><IsRequired>true</IsRequired><Value i:nil="true"/></Attribute><Attribute z:Id="i200"><AttributeType>multiplier</AttributeType><IsRequired>false</IsRequired><Value i:nil="true"/></Attribute><Attribute z:Id="i201"><AttributeType>offset</AttributeType><IsRequired>false</IsRequired><Value i:nil="true"/></Attribute></Attributes><ChildElements/><ElementName>mimic</ElementName><required>false</required><JointNameAttribute z:Ref="i199"/><MultiplierAttribute z:Ref="i200"/><OffsetAttribute z:Ref="i201"/></URDFElement></ChildElements><ElementName>joint</ElementName><required>false</required><Axis z:Ref="i180"/><AxisName>Automatically Generate</AxisName><Calibration z:Ref="i187"/><Child z:Ref="i178"/><CoordinateSystemName>Automatically Generate</CoordinateSystemName><Dynamics z:Ref="i190"/><Limit z:Ref="i182"/><Mimic z:Ref="i198"/><NameAttribute z:Ref="i171"/><Origin z:Ref="i173"/><Parent z:Ref="i176"/><Safety z:Ref="i193"/><TypeAttribute z:Ref="i172"/></URDFElement></ChildElements><ElementName>link</ElementName><required>true</required><Children/><Collision z:Ref="i163"/><Inertial z:Ref="i137"/><Joint z:Ref="i170"/><NameAttribute z:Ref="i136"/><Parent z:Ref="i1"/><STLQualityFine>false</STLQualityFine><SWComponentPIDs xmlns:a="http://schemas.microsoft.com/2003/10/Serialization/Arrays"><a:base64Binary>UEYAAAUAAAD//v9URQBOAFMAQQBNAEIATABBAEoARQBCAFIAQQBaAE8ARgBJAE4AQQBMAFMATABEAEEAUwBNAC0AMQBAAEUAbgBzAGEAbQBiAGwAYQBqAGUAVQBSAEQARgBQAFIASQBNAE8ALwBCAHIAYQB6AG8AMgAtADIAQABFAE4AUwBBAE0AQgBMAEEASgBFAEIAUgBBAFoATwBGAEkATgBBAEwAUwBMAEQAQQBTAE0ABAAAABAAAAABAAAAAgAAABgAAAAPAQAA</a:base64Binary></SWComponentPIDs><SWMainComponentPID i:nil="true"/><Visual z:Ref="i150"/><isFixedFrame>false</isFixedFrame><isIncomplete>false</isIncomplete></Link><Link z:Id="i202"><Attributes><Attribute z:Id="i203"><AttributeType>name</AttributeType><IsRequired>true</IsRequired><Value i:type="a:string" xmlns:a="http://www.w3.org/2001/XMLSchema">Eje_final_link</Value></Attribute></Attributes><ChildElements><URDFElement z:Id="i204" i:type="Inertial"><Attributes/><ChildElements><URDFElement z:Id="i205" i:type="Origin"><Attributes><Attribute z:Id="i206"><AttributeType>xyz</AttributeType><IsRequired>true</IsRequired><Value i:type="a:ArrayOfdouble" xmlns:a="http://schemas.microsoft.com/2003/10/Serialization/Arrays"><a:double>0</a:double><a:double>0</a:double><a:double>0</a:double></Value></Attribute><Attribute z:Id="i207"><AttributeType>rpy</AttributeType><IsRequired>true</IsRequired><Value i:type="a:ArrayOfdouble" xmlns:a="http://schemas.microsoft.com/2003/10/Serialization/Arrays"><a:double>0</a:double><a:double>0</a:double><a:double>0</a:double></Value></Attribute></Attributes><ChildElements/><ElementName>origin</ElementName><required>false</required><RPYAttribute z:Ref="i207"/><XYZAttribute z:Ref="i206"/><isCustomized>false</isCustomized></URDFElement><URDFElement z:Id="i208" i:type="Mass"><Attributes><Attribute z:Id="i209"><AttributeType>value</AttributeType><IsRequired>true</IsRequired><Value i:type="a:double" xmlns:a="http://www.w3.org/2001/XMLSchema">0</Value></Attribute></Attributes><ChildElements/><ElementName>mass</ElementName><required>false</required><ValueAttribute z:Ref="i209"/></URDFElement><URDFElement z:Id="i210" i:type="Inertia"><Attributes><Attribute z:Id="i211"><AttributeType>ixx</AttributeType><IsRequired>true</IsRequired><Value i:type="a:double" xmlns:a="http://www.w3.org/2001/XMLSchema">0</Value></Attribute><Attribute z:Id="i212"><AttributeType>ixy</AttributeType><IsRequired>true</IsRequired><Value i:type="a:double" xmlns:a="http://www.w3.org/2001/XMLSchema">0</Value></Attribute><Attribute z:Id="i213"><AttributeType>ixz</AttributeType><IsRequired>true</IsRequired><Value i:type="a:double" xmlns:a="http://www.w3.org/2001/XMLSchema">0</Value></Attribute><Attribute z:Id="i214"><AttributeType>iyy</AttributeType><IsRequired>true</IsRequired><Value i:type="a:double" xmlns:a="http://www.w3.org/2001/XMLSchema">0</Value></Attribute><Attribute z:Id="i215"><AttributeType>iyz</AttributeType><IsRequired>true</IsRequired><Value i:type="a:double" xmlns:a="http://www.w3.org/2001/XMLSchema">0</Value></Attribute><Attribute z:Id="i216"><AttributeType>izz</AttributeType><IsRequired>true</IsRequired><Value i:type="a:double" xmlns:a="http://www.w3.org/2001/XMLSchema">0</Value></Attribute></Attributes><ChildElements/><ElementName>inertia</ElementName><required>false</required><IxxAttribute z:Ref="i211"/><IxyAttribute z:Ref="i212"/><IxzAttribute z:Ref="i213"/><IyyAttribute z:Ref="i214"/><IyzAttribute z:Ref="i215"/><IzzAttribute z:Ref="i216"/></URDFElement></ChildElements><ElementName>inertial</ElementName><required>false</required><Inertia z:Ref="i210"/><Mass z:Ref="i208"/><Origin z:Ref="i205"/></URDFElement><URDFElement z:Id="i217" i:type="Visual"><Attributes/><ChildElements><URDFElement z:Id="i218" i:type="Origin"><Attributes><Attribute z:Id="i219"><AttributeType>xyz</AttributeType><IsRequired>true</IsRequired><Value i:type="a:ArrayOfdouble" xmlns:a="http://schemas.microsoft.com/2003/10/Serialization/Arrays"><a:double>0</a:double><a:double>0</a:double><a:double>0</a:double></Value></Attribute><Attribute z:Id="i220"><AttributeType>rpy</AttributeType><IsRequired>true</IsRequired><Value i:type="a:ArrayOfdouble" xmlns:a="http://schemas.microsoft.com/2003/10/Serialization/Arrays"><a:double>0</a:double><a:double>0</a:double><a:double>0</a:double></Value></Attribute></Attributes><ChildElements/><ElementName>origin</ElementName><required>false</required><RPYAttribute z:Ref="i220"/><XYZAttribute z:Ref="i219"/><isCustomized>false</isCustomized></URDFElement><URDFElement z:Id="i221" i:type="Geometry"><Attributes/><ChildElements><URDFElement z:Id="i222" i:type="Mesh"><Attributes><Attribute z:Id="i223"><AttributeType>filename</AttributeType><IsRequired>true</IsRequired><Value i:nil="true"/></Attribute></Attributes><ChildElements/><ElementName>mesh</ElementName><required>false</required><FilenameAttribute z:Ref="i223"/></URDFElement></ChildElements><ElementName>geometry</ElementName><required>true</required><Mesh z:Ref="i222"/></URDFElement><URDFElement z:Id="i224" i:type="Material"><Attributes><Attribute z:Id="i225"><AttributeType>name</AttributeType><IsRequired>true</IsRequired><Value i:type="a:string" xmlns:a="http://www.w3.org/2001/XMLSchema"/></Attribute></Attributes><ChildElements><URDFElement z:Id="i226" i:type="Color"><Attributes><Attribute z:Id="i227"><AttributeType>rgba</AttributeType><IsRequired>true</IsRequired><Value i:type="a:ArrayOfdouble" xmlns:a="http://schemas.microsoft.com/2003/10/Serialization/Arrays"><a:double>1</a:double><a:double>1</a:double><a:double>1</a:double><a:double>1</a:double></Value></Attribute></Attributes><ChildElements/><ElementName>color</ElementName><required>false</required><RGBAAttribute z:Ref="i227"/></URDFElement><URDFElement z:Id="i228" i:type="Texture"><Attributes><Attribute z:Id="i229"><AttributeType>filename</AttributeType><IsRequired>true</IsRequired><Value i:nil="true"/></Attribute></Attributes><ChildElements/><ElementName>texture</ElementName><required>false</required><FilenameAttribute z:Ref="i229"/><wFilename/></URDFElement></ChildElements><ElementName>material</ElementName><required>false</required><Color z:Ref="i226"/><NameAttribute z:Ref="i225"/><Texture z:Ref="i228"/></URDFElement></ChildElements><ElementName>visual</ElementName><required>false</required><Geometry z:Ref="i221"/><Material z:Ref="i224"/><Origin z:Ref="i218"/></URDFElement><URDFElement z:Id="i230" i:type="Collision"><Attributes/><ChildElements><URDFElement z:Id="i231" i:type="Origin"><Attributes><Attribute z:Id="i232"><AttributeType>xyz</AttributeType><IsRequired>true</IsRequired><Value i:type="a:ArrayOfdouble" xmlns:a="http://schemas.microsoft.com/2003/10/Serialization/Arrays"><a:double>0</a:double><a:double>0</a:double><a:double>0</a:double></Value></Attribute><Attribute z:Id="i233"><AttributeType>rpy</AttributeType><IsRequired>true</IsRequired><Value i:type="a:ArrayOfdouble" xmlns:a="http://schemas.microsoft.com/2003/10/Serialization/Arrays"><a:double>0</a:double><a:double>0</a:double><a:double>0</a:double></Value></Attribute></Attributes><ChildElements/><ElementName>origin</ElementName><required>false</required><RPYAttribute z:Ref="i233"/><XYZAttribute z:Ref="i232"/><isCustomized>false</isCustomized></URDFElement><URDFElement z:Id="i234" i:type="Geometry"><Attributes/><ChildElements><URDFElement z:Id="i235" i:type="Mesh"><Attributes><Attribute z:Id="i236"><AttributeType>filename</AttributeType><IsRequired>true</IsRequired><Value i:nil="true"/></Attribute></Attributes><ChildElements/><ElementName>mesh</ElementName><required>false</required><FilenameAttribute z:Ref="i236"/></URDFElement></ChildElements><ElementName>geometry</ElementName><required>true</required><Mesh z:Ref="i235"/></URDFElement></ChildElements><ElementName>collision</ElementName><required>false</required><Geometry z:Ref="i234"/><Origin z:Ref="i231"/></URDFElement><URDFElement z:Id="i237" i:type="Joint"><Attributes><Attribute z:Id="i238"><AttributeType>name</AttributeType><IsRequired>true</IsRequired><Value i:type="a:string" xmlns:a="http://www.w3.org/2001/XMLSchema">Eje_final_joint</Value></Attribute><Attribute z:Id="i239"><AttributeType>type</AttributeType><IsRequired>true</IsRequired><Value i:type="a:string" xmlns:a="http://www.w3.org/2001/XMLSchema">continuous</Value></Attribute></Attributes><ChildElements><URDFElement z:Id="i240" i:type="Origin"><Attributes><Attribute z:Id="i241"><AttributeType>xyz</AttributeType><IsRequired>true</IsRequired><Value i:type="a:ArrayOfdouble" xmlns:a="http://schemas.microsoft.com/2003/10/Serialization/Arrays"><a:double>0</a:double><a:double>0</a:double><a:double>0</a:double></Value></Attribute><Attribute z:Id="i242"><AttributeType>rpy</AttributeType><IsRequired>true</IsRequired><Value i:type="a:ArrayOfdouble" xmlns:a="http://schemas.microsoft.com/2003/10/Serialization/Arrays"><a:double>0</a:double><a:double>0</a:double><a:double>0</a:double></Value></Attribute></Attributes><ChildElements/><ElementName>origin</ElementName><required>false</required><RPYAttribute z:Ref="i242"/><XYZAttribute z:Ref="i241"/><isCustomized>false</isCustomized></URDFElement><URDFElement z:Id="i243" i:type="ParentLink"><Attributes><Attribute z:Id="i244"><AttributeType>link</AttributeType><IsRequired>true</IsRequired><Value i:type="a:string" xmlns:a="http://www.w3.org/2001/XMLSchema"/></Attribute></Attributes><ChildElements/><ElementName>parent</ElementName><required>true</required><NameAttribute z:Ref="i244"/></URDFElement><URDFElement z:Id="i245" i:type="ChildLink"><Attributes><Attribute z:Id="i246"><AttributeType>link</AttributeType><IsRequired>true</IsRequired><Value i:type="a:string" xmlns:a="http://www.w3.org/2001/XMLSchema"/></Attribute></Attributes><ChildElements/><ElementName>child</ElementName><required>true</required><NameAttribute z:Ref="i246"/></URDFElement><URDFElement z:Id="i247" i:type="Axis"><Attributes><Attribute z:Id="i248"><AttributeType>xyz</AttributeType><IsRequired>true</IsRequired><Value i:type="a:ArrayOfdouble" xmlns:a="http://schemas.microsoft.com/2003/10/Serialization/Arrays"><a:double>0</a:double><a:double>0</a:double><a:double>0</a:double></Value></Attribute></Attributes><ChildElements/><ElementName>axis</ElementName><required>false</required><XYZAttribute z:Ref="i248"/></URDFElement><URDFElement z:Id="i249" i:type="Limit"><Attributes><Attribute z:Id="i250"><AttributeType>lower</AttributeType><IsRequired>false</IsRequired><Value i:nil="true"/></Attribute><Attribute z:Id="i251"><AttributeType>upper</AttributeType><IsRequired>false</IsRequired><Value i:nil="true"/></Attribute><Attribute z:Id="i252"><AttributeType>effort</AttributeType><IsRequired>true</IsRequired><Value i:nil="true"/></Attribute><Attribute z:Id="i253"><AttributeType>velocity</AttributeType><IsRequired>true</IsRequired><Value i:nil="true"/></Attribute></Attributes><ChildElements/><ElementName>limit</ElementName><required>false</required><EffortAttribute z:Ref="i252"/><LowerAttribute z:Ref="i250"/><UpperAttribute z:Ref="i251"/><VelocityAttribute z:Ref="i253"/></URDFElement><URDFElement z:Id="i254" i:type="Calibration"><Attributes><Attribute z:Id="i255"><AttributeType>rising</AttributeType><IsRequired>false</IsRequired><Value i:nil="true"/></Attribute><Attribute z:Id="i256"><AttributeType>falling</AttributeType><IsRequired>false</IsRequired><Value i:nil="true"/></Attribute></Attributes><ChildElements/><ElementName>calibration</ElementName><required>false</required><FallingAttribute z:Ref="i256"/><RisingAttribute z:Ref="i255"/></URDFElement><URDFElement z:Id="i257" i:type="Dynamics"><Attributes><Attribute z:Id="i258"><AttributeType>damping</AttributeType><IsRequired>false</IsRequired><Value i:nil="true"/></Attribute><Attribute z:Id="i259"><AttributeType>friction</AttributeType><IsRequired>false</IsRequired><Value i:nil="true"/></Attribute></Attributes><ChildElements/><ElementName>dynamics</ElementName><required>false</required><DampingAttribute z:Ref="i258"/><FrictionAttribute z:Ref="i259"/></URDFElement><URDFElement z:Id="i260" i:type="SafetyController"><Attributes><Attribute z:Id="i261"><AttributeType>soft_upper_limit</AttributeType><IsRequired>false</IsRequired><Value i:nil="true"/></Attribute><Attribute z:Id="i262"><AttributeType>soft_lower_limit</AttributeType><IsRequired>false</IsRequired><Value i:nil="true"/></Attribute><Attribute z:Id="i263"><AttributeType>k_position</AttributeType><IsRequired>false</IsRequired><Value i:nil="true"/></Attribute><Attribute z:Id="i264"><AttributeType>k_velocity</AttributeType><IsRequired>true</IsRequired><Value i:nil="true"/></Attribute></Attributes><ChildElements/><ElementName>safety_controller</ElementName><required>false</required><KPositionAttribute z:Ref="i263"/><KVelocityAttribute z:Ref="i264"/><SoftLowerAttribute z:Ref="i262"/><SoftUpperAttribute z:Ref="i261"/></URDFElement><URDFElement z:Id="i265" i:type="Mimic"><Attributes><Attribute z:Id="i266"><AttributeType>joint</AttributeType><IsRequired>true</IsRequired><Value i:nil="true"/></Attribute><Attribute z:Id="i267"><AttributeType>multiplier</AttributeType><IsRequired>false</IsRequired><Value i:nil="true"/></Attribute><Attribute z:Id="i268"><AttributeType>offset</AttributeType><IsRequired>false</IsRequired><Value i:nil="true"/></Attribute></Attributes><ChildElements/><ElementName>mimic</ElementName><required>false</required><JointNameAttribute z:Ref="i266"/><MultiplierAttribute z:Ref="i267"/><OffsetAttribute z:Ref="i268"/></URDFElement></ChildElements><ElementName>joint</ElementName><required>false</required><Axis z:Ref="i247"/><AxisName>Automatically Generate</AxisName><Calibration z:Ref="i254"/><Child z:Ref="i245"/><CoordinateSystemName>Automatically Generate</CoordinateSystemName><Dynamics z:Ref="i257"/><Limit z:Ref="i249"/><Mimic z:Ref="i265"/><NameAttribute z:Ref="i238"/><Origin z:Ref="i240"/><Parent z:Ref="i243"/><Safety z:Ref="i260"/><TypeAttribute z:Ref="i239"/></URDFElement></ChildElements><ElementName>link</ElementName><required>true</required><Children><Link z:Id="i269"><Attributes><Attribute z:Id="i270"><AttributeType>name</AttributeType><IsRequired>true</IsRequired><Value i:type="a:string" xmlns:a="http://www.w3.org/2001/XMLSchema">Gripper_Link</Value></Attribute></Attributes><ChildElements><URDFElement z:Id="i271" i:type="Inertial"><Attributes/><ChildElements><URDFElement z:Id="i272" i:type="Origin"><Attributes><Attribute z:Id="i273"><AttributeType>xyz</AttributeType><IsRequired>true</IsRequired><Value i:type="a:ArrayOfdouble" xmlns:a="http://schemas.microsoft.com/2003/10/Serialization/Arrays"><a:double>0</a:double><a:double>0</a:double><a:double>0</a:double></Value></Attribute><Attribute z:Id="i274"><AttributeType>rpy</AttributeType><IsRequired>true</IsRequired><Value i:type="a:ArrayOfdouble" xmlns:a="http://schemas.microsoft.com/2003/10/Serialization/Arrays"><a:double>0</a:double><a:double>0</a:double><a:double>0</a:double></Value></Attribute></Attributes><ChildElements/><ElementName>origin</ElementName><required>false</required><RPYAttribute z:Ref="i274"/><XYZAttribute z:Ref="i273"/><isCustomized>false</isCustomized></URDFElement><URDFElement z:Id="i275" i:type="Mass"><Attributes><Attribute z:Id="i276"><AttributeType>value</AttributeType><IsRequired>true</IsRequired><Value i:type="a:double" xmlns:a="http://www.w3.org/2001/XMLSchema">0</Value></Attribute></Attributes><ChildElements/><ElementName>mass</ElementName><required>false</required><ValueAttribute z:Ref="i276"/></URDFElement><URDFElement z:Id="i277" i:type="Inertia"><Attributes><Attribute z:Id="i278"><AttributeType>ixx</AttributeType><IsRequired>true</IsRequired><Value i:type="a:double" xmlns:a="http://www.w3.org/2001/XMLSchema">0</Value></Attribute><Attribute z:Id="i279"><AttributeType>ixy</AttributeType><IsRequired>true</IsRequired><Value i:type="a:double" xmlns:a="http://www.w3.org/2001/XMLSchema">0</Value></Attribute><Attribute z:Id="i280"><AttributeType>ixz</AttributeType><IsRequired>true</IsRequired><Value i:type="a:double" xmlns:a="http://www.w3.org/2001/XMLSchema">0</Value></Attribute><Attribute z:Id="i281"><AttributeType>iyy</AttributeType><IsRequired>true</IsRequired><Value i:type="a:double" xmlns:a="http://www.w3.org/2001/XMLSchema">0</Value></Attribute><Attribute z:Id="i282"><AttributeType>iyz</AttributeType><IsRequired>true</IsRequired><Value i:type="a:double" xmlns:a="http://www.w3.org/2001/XMLSchema">0</Value></Attribute><Attribute z:Id="i283"><AttributeType>izz</AttributeType><IsRequired>true</IsRequired><Value i:type="a:double" xmlns:a="http://www.w3.org/2001/XMLSchema">0</Value></Attribute></Attributes><ChildElements/><ElementName>inertia</ElementName><required>false</required><IxxAttribute z:Ref="i278"/><IxyAttribute z:Ref="i279"/><IxzAttribute z:Ref="i280"/><IyyAttribute z:Ref="i281"/><IyzAttribute z:Ref="i282"/><IzzAttribute z:Ref="i283"/></URDFElement></ChildElements><ElementName>inertial</ElementName><required>false</required><Inertia z:Ref="i277"/><Mass z:Ref="i275"/><Origin z:Ref="i272"/></URDFElement><URDFElement z:Id="i284" i:type="Visual"><Attributes/><ChildElements><URDFElement z:Id="i285" i:type="Origin"><Attributes><Attribute z:Id="i286"><AttributeType>xyz</AttributeType><IsRequired>true</IsRequired><Value i:type="a:ArrayOfdouble" xmlns:a="http://schemas.microsoft.com/2003/10/Serialization/Arrays"><a:double>0</a:double><a:double>0</a:double><a:double>0</a:double></Value></Attribute><Attribute z:Id="i287"><AttributeType>rpy</AttributeType><IsRequired>true</IsRequired><Value i:type="a:ArrayOfdouble" xmlns:a="http://schemas.microsoft.com/2003/10/Serialization/Arrays"><a:double>0</a:double><a:double>0</a:double><a:double>0</a:double></Value></Attribute></Attributes><ChildElements/><ElementName>origin</ElementName><required>false</required><RPYAttribute z:Ref="i287"/><XYZAttribute z:Ref="i286"/><isCustomized>false</isCustomized></URDFElement><URDFElement z:Id="i288" i:type="Geometry"><Attributes/><ChildElements><URDFElement z:Id="i289" i:type="Mesh"><Attributes><Attribute z:Id="i290"><AttributeType>filename</AttributeType><IsRequired>true</IsRequired><Value i:nil="true"/></Attribute></Attributes><ChildElements/><ElementName>mesh</ElementName><required>false</required><FilenameAttribute z:Ref="i290"/></URDFElement></ChildElements><ElementName>geometry</ElementName><required>true</required><Mesh z:Ref="i289"/></URDFElement><URDFElement z:Id="i291" i:type="Material"><Attributes><Attribute z:Id="i292"><AttributeType>name</AttributeType><IsRequired>true</IsRequired><Value i:type="a:string" xmlns:a="http://www.w3.org/2001/XMLSchema"/></Attribute></Attributes><ChildElements><URDFElement z:Id="i293" i:type="Color"><Attributes><Attribute z:Id="i294"><AttributeType>rgba</AttributeType><IsRequired>true</IsRequired><Value i:type="a:ArrayOfdouble" xmlns:a="http://schemas.microsoft.com/2003/10/Serialization/Arrays"><a:double>1</a:double><a:double>1</a:double><a:double>1</a:double><a:double>1</a:double></Value></Attribute></Attributes><ChildElements/><ElementName>color</ElementName><required>false</required><RGBAAttribute z:Ref="i294"/></URDFElement><URDFElement z:Id="i295" i:type="Texture"><Attributes><Attribute z:Id="i296"><AttributeType>filename</AttributeType><IsRequired>true</IsRequired><Value i:nil="true"/></Attribute></Attributes><ChildElements/><ElementName>texture</ElementName><required>false</required><FilenameAttribute z:Ref="i296"/><wFilename/></URDFElement></ChildElements><ElementName>material</ElementName><required>false</required><Color z:Ref="i293"/><NameAttribute z:Ref="i292"/><Texture z:Ref="i295"/></URDFElement></ChildElements><ElementName>visual</ElementName><required>false</required><Geometry z:Ref="i288"/><Material z:Ref="i291"/><Origin z:Ref="i285"/></URDFElement><URDFElement z:Id="i297" i:type="Collision"><Attributes/><ChildElements><URDFElement z:Id="i298" i:type="Origin"><Attributes><Attribute z:Id="i299"><AttributeType>xyz</AttributeType><IsRequired>true</IsRequired><Value i:type="a:ArrayOfdouble" xmlns:a="http://schemas.microsoft.com/2003/10/Serialization/Arrays"><a:double>0</a:double><a:double>0</a:double><a:double>0</a:double></Value></Attribute><Attribute z:Id="i300"><AttributeType>rpy</AttributeType><IsRequired>true</IsRequired><Value i:type="a:ArrayOfdouble" xmlns:a="http://schemas.microsoft.com/2003/10/Serialization/Arrays"><a:double>0</a:double><a:double>0</a:double><a:double>0</a:double></Value></Attribute></Attributes><ChildElements/><ElementName>origin</ElementName><required>false</required><RPYAttribute z:Ref="i300"/><XYZAttribute z:Ref="i299"/><isCustomized>false</isCustomized></URDFElement><URDFElement z:Id="i301" i:type="Geometry"><Attributes/><ChildElements><URDFElement z:Id="i302" i:type="Mesh"><Attributes><Attribute z:Id="i303"><AttributeType>filename</AttributeType><IsRequired>true</IsRequired><Value i:nil="true"/></Attribute></Attributes><ChildElements/><ElementName>mesh</ElementName><required>false</required><FilenameAttribute z:Ref="i303"/></URDFElement></ChildElements><ElementName>geometry</ElementName><required>true</required><Mesh z:Ref="i302"/></URDFElement></ChildElements><ElementName>collision</ElementName><required>false</required><Geometry z:Ref="i301"/><Origin z:Ref="i298"/></URDFElement><URDFElement z:Id="i304" i:type="Joint"><Attributes><Attribute z:Id="i305"><AttributeType>name</AttributeType><IsRequired>true</IsRequired><Value i:type="a:string" xmlns:a="http://www.w3.org/2001/XMLSchema">Gripper_Joint</Value></Attribute><Attribute z:Id="i306"><AttributeType>type</AttributeType><IsRequired>true</IsRequired><Value i:type="a:string" xmlns:a="http://www.w3.org/2001/XMLSchema">Automatically Detect</Value></Attribute></Attributes><ChildElements><URDFElement z:Id="i307" i:type="Origin"><Attributes><Attribute z:Id="i308"><AttributeType>xyz</AttributeType><IsRequired>true</IsRequired><Value i:type="a:ArrayOfdouble" xmlns:a="http://schemas.microsoft.com/2003/10/Serialization/Arrays"><a:double>0</a:double><a:double>0</a:double><a:double>0</a:double></Value></Attribute><Attribute z:Id="i309"><AttributeType>rpy</AttributeType><IsRequired>true</IsRequired><Value i:type="a:ArrayOfdouble" xmlns:a="http://schemas.microsoft.com/2003/10/Serialization/Arrays"><a:double>0</a:double><a:double>0</a:double><a:double>0</a:double></Value></Attribute></Attributes><ChildElements/><ElementName>origin</ElementName><required>false</required><RPYAttribute z:Ref="i309"/><XYZAttribute z:Ref="i308"/><isCustomized>false</isCustomized></URDFElement><URDFElement z:Id="i310" i:type="ParentLink"><Attributes><Attribute z:Id="i311"><AttributeType>link</AttributeType><IsRequired>true</IsRequired><Value i:type="a:string" xmlns:a="http://www.w3.org/2001/XMLSchema"/></Attribute></Attributes><ChildElements/><ElementName>parent</ElementName><required>true</required><NameAttribute z:Ref="i311"/></URDFElement><URDFElement z:Id="i312" i:type="ChildLink"><Attributes><Attribute z:Id="i313"><AttributeType>link</AttributeType><IsRequired>true</IsRequired><Value i:type="a:string" xmlns:a="http://www.w3.org/2001/XMLSchema"/></Attribute></Attributes><ChildElements/><ElementName>child</ElementName><required>true</required><NameAttribute z:Ref="i313"/></URDFElement><URDFElement z:Id="i314" i:type="Axis"><Attributes><Attribute z:Id="i315"><AttributeType>xyz</AttributeType><IsRequired>true</IsRequired><Value i:type="a:ArrayOfdouble" xmlns:a="http://schemas.microsoft.com/2003/10/Serialization/Arrays"><a:double>0</a:double><a:double>0</a:double><a:double>0</a:double></Value></Attribute></Attributes><ChildElements/><ElementName>axis</ElementName><required>false</required><XYZAttribute z:Ref="i315"/></URDFElement><URDFElement z:Id="i316" i:type="Limit"><Attributes><Attribute z:Id="i317"><AttributeType>lower</AttributeType><IsRequired>false</IsRequired><Value i:nil="true"/></Attribute><Attribute z:Id="i318"><AttributeType>upper</AttributeType><IsRequired>false</IsRequired><Value i:nil="true"/></Attribute><Attribute z:Id="i319"><AttributeType>effort</AttributeType><IsRequired>true</IsRequired><Value i:nil="true"/></Attribute><Attribute z:Id="i320"><AttributeType>velocity</AttributeType><IsRequired>true</IsRequired><Value i:nil="true"/></Attribute></Attributes><ChildElements/><ElementName>limit</ElementName><required>false</required><EffortAttribute z:Ref="i319"/><LowerAttribute z:Ref="i317"/><UpperAttribute z:Ref="i318"/><VelocityAttribute z:Ref="i320"/></URDFElement><URDFElement z:Id="i321" i:type="Calibration"><Attributes><Attribute z:Id="i322"><AttributeType>rising</AttributeType><IsRequired>false</IsRequired><Value i:nil="true"/></Attribute><Attribute z:Id="i323"><AttributeType>falling</AttributeType><IsRequired>false</IsRequired><Value i:nil="true"/></Attribute></Attributes><ChildElements/><ElementName>calibration</ElementName><required>false</required><FallingAttribute z:Ref="i323"/><RisingAttribute z:Ref="i322"/></URDFElement><URDFElement z:Id="i324" i:type="Dynamics"><Attributes><Attribute z:Id="i325"><AttributeType>damping</AttributeType><IsRequired>false</IsRequired><Value i:nil="true"/></Attribute><Attribute z:Id="i326"><AttributeType>friction</AttributeType><IsRequired>false</IsRequired><Value i:nil="true"/></Attribute></Attributes><ChildElements/><ElementName>dynamics</ElementName><required>false</required><DampingAttribute z:Ref="i325"/><FrictionAttribute z:Ref="i326"/></URDFElement><URDFElement z:Id="i327" i:type="SafetyController"><Attributes><Attribute z:Id="i328"><AttributeType>soft_upper_limit</AttributeType><IsRequired>false</IsRequired><Value i:nil="true"/></Attribute><Attribute z:Id="i329"><AttributeType>soft_lower_limit</AttributeType><IsRequired>false</IsRequired><Value i:nil="true"/></Attribute><Attribute z:Id="i330"><AttributeType>k_position</AttributeType><IsRequired>false</IsRequired><Value i:nil="true"/></Attribute><Attribute z:Id="i331"><AttributeType>k_velocity</AttributeType><IsRequired>true</IsRequired><Value i:nil="true"/></Attribute></Attributes><ChildElements/><ElementName>safety_controller</ElementName><required>false</required><KPositionAttribute z:Ref="i330"/><KVelocityAttribute z:Ref="i331"/><SoftLowerAttribute z:Ref="i329"/><SoftUpperAttribute z:Ref="i328"/></URDFElement><URDFElement z:Id="i332" i:type="Mimic"><Attributes><Attribute z:Id="i333"><AttributeType>joint</AttributeType><IsRequired>true</IsRequired><Value i:nil="true"/></Attribute><Attribute z:Id="i334"><AttributeType>multiplier</AttributeType><IsRequired>false</IsRequired><Value i:nil="true"/></Attribute><Attribute z:Id="i335"><AttributeType>offset</AttributeType><IsRequired>false</IsRequired><Value i:nil="true"/></Attribute></Attributes><ChildElements/><ElementName>mimic</ElementName><required>false</required><JointNameAttribute z:Ref="i333"/><MultiplierAttribute z:Ref="i334"/><OffsetAttribute z:Ref="i335"/></URDFElement></ChildElements><ElementName>joint</ElementName><required>false</required><Axis z:Ref="i314"/><AxisName>Automatically Generate</AxisName><Calibration z:Ref="i321"/><Child z:Ref="i312"/><CoordinateSystemName>Automatically Generate</CoordinateSystemName><Dynamics z:Ref="i324"/><Limit z:Ref="i316"/><Mimic z:Ref="i332"/><NameAttribute z:Ref="i305"/><Origin z:Ref="i307"/><Parent z:Ref="i310"/><Safety z:Ref="i327"/><TypeAttribute z:Ref="i306"/></URDFElement></ChildElements><ElementName>link</ElementName><required>true</required><Children/><Collision z:Ref="i297"/><Inertial z:Ref="i271"/><Joint z:Ref="i304"/><NameAttribute z:Ref="i270"/><Parent z:Ref="i202"/><STLQualityFine>false</STLQualityFine><SWComponentPIDs xmlns:a="http://schemas.microsoft.com/2003/10/Serialization/Arrays"><a:base64Binary>UEYAAAUAAAD//v9bQQBzAHMAZQBtAGIAbAB5ACAAMgAuADAAIAB1AHAAbABvAGEAZAAuAHMAdABwAC0AMQBAAEUAbgBzAGEAbQBiAGwAYQBqAGUAVQBSAEQARgBQAFIASQBNAE8ALwBiAGEAcwBlACAAMgAuADAAIAB1AHAAbABvAGEAZAAuAHMAdABwAC0AMQBAAEEAcwBzAGUAbQBiAGwAeQAgADIALgAwACAAdQBwAGwAbwBhAGQALgBzAHQAcAAEAAAAEAAAAAEAAAACAAAAGQAAACAAAAA=</a:base64Binary></SWComponentPIDs><SWMainComponentPID i:nil="true"/><Visual z:Ref="i284"/><isFixedFrame>false</isFixedFrame><isIncomplete>false</isIncomplete></Link><Link z:Id="i336"><Attributes><Attribute z:Id="i337"><AttributeType>name</AttributeType><IsRequired>true</IsRequired><Value i:type="a:string" xmlns:a="http://www.w3.org/2001/XMLSchema">Engraderecho_Link</Value></Attribute></Attributes><ChildElements><URDFElement z:Id="i338" i:type="Inertial"><Attributes/><ChildElements><URDFElement z:Id="i339" i:type="Origin"><Attributes><Attribute z:Id="i340"><AttributeType>xyz</AttributeType><IsRequired>true</IsRequired><Value i:type="a:ArrayOfdouble" xmlns:a="http://schemas.microsoft.com/2003/10/Serialization/Arrays"><a:double>0</a:double><a:double>0</a:double><a:double>0</a:double></Value></Attribute><Attribute z:Id="i341"><AttributeType>rpy</AttributeType><IsRequired>true</IsRequired><Value i:type="a:ArrayOfdouble" xmlns:a="http://schemas.microsoft.com/2003/10/Serialization/Arrays"><a:double>0</a:double><a:double>0</a:double><a:double>0</a:double></Value></Attribute></Attributes><ChildElements/><ElementName>origin</ElementName><required>false</required><RPYAttribute z:Ref="i341"/><XYZAttribute z:Ref="i340"/><isCustomized>false</isCustomized></URDFElement><URDFElement z:Id="i342" i:type="Mass"><Attributes><Attribute z:Id="i343"><AttributeType>value</AttributeType><IsRequired>true</IsRequired><Value i:type="a:double" xmlns:a="http://www.w3.org/2001/XMLSchema">0</Value></Attribute></Attributes><ChildElements/><ElementName>mass</ElementName><required>false</required><ValueAttribute z:Ref="i343"/></URDFElement><URDFElement z:Id="i344" i:type="Inertia"><Attributes><Attribute z:Id="i345"><AttributeType>ixx</AttributeType><IsRequired>true</IsRequired><Value i:type="a:double" xmlns:a="http://www.w3.org/2001/XMLSchema">0</Value></Attribute><Attribute z:Id="i346"><AttributeType>ixy</AttributeType><IsRequired>true</IsRequired><Value i:type="a:double" xmlns:a="http://www.w3.org/2001/XMLSchema">0</Value></Attribute><Attribute z:Id="i347"><AttributeType>ixz</AttributeType><IsRequired>true</IsRequired><Value i:type="a:double" xmlns:a="http://www.w3.org/2001/XMLSchema">0</Value></Attribute><Attribute z:Id="i348"><AttributeType>iyy</AttributeType><IsRequired>true</IsRequired><Value i:type="a:double" xmlns:a="http://www.w3.org/2001/XMLSchema">0</Value></Attribute><Attribute z:Id="i349"><AttributeType>iyz</AttributeType><IsRequired>true</IsRequired><Value i:type="a:double" xmlns:a="http://www.w3.org/2001/XMLSchema">0</Value></Attribute><Attribute z:Id="i350"><AttributeType>izz</AttributeType><IsRequired>true</IsRequired><Value i:type="a:double" xmlns:a="http://www.w3.org/2001/XMLSchema">0</Value></Attribute></Attributes><ChildElements/><ElementName>inertia</ElementName><required>false</required><IxxAttribute z:Ref="i345"/><IxyAttribute z:Ref="i346"/><IxzAttribute z:Ref="i347"/><IyyAttribute z:Ref="i348"/><IyzAttribute z:Ref="i349"/><IzzAttribute z:Ref="i350"/></URDFElement></ChildElements><ElementName>inertial</ElementName><required>false</required><Inertia z:Ref="i344"/><Mass z:Ref="i342"/><Origin z:Ref="i339"/></URDFElement><URDFElement z:Id="i351" i:type="Visual"><Attributes/><ChildElements><URDFElement z:Id="i352" i:type="Origin"><Attributes><Attribute z:Id="i353"><AttributeType>xyz</AttributeType><IsRequired>true</IsRequired><Value i:type="a:ArrayOfdouble" xmlns:a="http://schemas.microsoft.com/2003/10/Serialization/Arrays"><a:double>0</a:double><a:double>0</a:double><a:double>0</a:double></Value></Attribute><Attribute z:Id="i354"><AttributeType>rpy</AttributeType><IsRequired>true</IsRequired><Value i:type="a:ArrayOfdouble" xmlns:a="http://schemas.microsoft.com/2003/10/Serialization/Arrays"><a:double>0</a:double><a:double>0</a:double><a:double>0</a:double></Value></Attribute></Attributes><ChildElements/><ElementName>origin</ElementName><required>false</required><RPYAttribute z:Ref="i354"/><XYZAttribute z:Ref="i353"/><isCustomized>false</isCustomized></URDFElement><URDFElement z:Id="i355" i:type="Geometry"><Attributes/><ChildElements><URDFElement z:Id="i356" i:type="Mesh"><Attributes><Attribute z:Id="i357"><AttributeType>filename</AttributeType><IsRequired>true</IsRequired><Value i:nil="true"/></Attribute></Attributes><ChildElements/><ElementName>mesh</ElementName><required>false</required><FilenameAttribute z:Ref="i357"/></URDFElement></ChildElements><ElementName>geometry</ElementName><required>true</required><Mesh z:Ref="i356"/></URDFElement><URDFElement z:Id="i358" i:type="Material"><Attributes><Attribute z:Id="i359"><AttributeType>name</AttributeType><IsRequired>true</IsRequired><Value i:type="a:string" xmlns:a="http://www.w3.org/2001/XMLSchema"/></Attribute></Attributes><ChildElements><URDFElement z:Id="i360" i:type="Color"><Attributes><Attribute z:Id="i361"><AttributeType>rgba</AttributeType><IsRequired>true</IsRequired><Value i:type="a:ArrayOfdouble" xmlns:a="http://schemas.microsoft.com/2003/10/Serialization/Arrays"><a:double>1</a:double><a:double>1</a:double><a:double>1</a:double><a:double>1</a:double></Value></Attribute></Attributes><ChildElements/><ElementName>color</ElementName><required>false</required><RGBAAttribute z:Ref="i361"/></URDFElement><URDFElement z:Id="i362" i:type="Texture"><Attributes><Attribute z:Id="i363"><AttributeType>filename</AttributeType><IsRequired>true</IsRequired><Value i:nil="true"/></Attribute></Attributes><ChildElements/><ElementName>texture</ElementName><required>false</required><FilenameAttribute z:Ref="i363"/><wFilename/></URDFElement></ChildElements><ElementName>material</ElementName><required>false</required><Color z:Ref="i360"/><NameAttribute z:Ref="i359"/><Texture z:Ref="i362"/></URDFElement></ChildElements><ElementName>visual</ElementName><required>false</required><Geometry z:Ref="i355"/><Material z:Ref="i358"/><Origin z:Ref="i352"/></URDFElement><URDFElement z:Id="i364" i:type="Collision"><Attributes/><ChildElements><URDFElement z:Id="i365" i:type="Origin"><Attributes><Attribute z:Id="i366"><AttributeType>xyz</AttributeType><IsRequired>true</IsRequired><Value i:type="a:ArrayOfdouble" xmlns:a="http://schemas.microsoft.com/2003/10/Serialization/Arrays"><a:double>0</a:double><a:double>0</a:double><a:double>0</a:double></Value></Attribute><Attribute z:Id="i367"><AttributeType>rpy</AttributeType><IsRequired>true</IsRequired><Value i:type="a:ArrayOfdouble" xmlns:a="http://schemas.microsoft.com/2003/10/Serialization/Arrays"><a:double>0</a:double><a:double>0</a:double><a:double>0</a:double></Value></Attribute></Attributes><ChildElements/><ElementName>origin</ElementName><required>false</required><RPYAttribute z:Ref="i367"/><XYZAttribute z:Ref="i366"/><isCustomized>false</isCustomized></URDFElement><URDFElement z:Id="i368" i:type="Geometry"><Attributes/><ChildElements><URDFElement z:Id="i369" i:type="Mesh"><Attributes><Attribute z:Id="i370"><AttributeType>filename</AttributeType><IsRequired>true</IsRequired><Value i:nil="true"/></Attribute></Attributes><ChildElements/><ElementName>mesh</ElementName><required>false</required><FilenameAttribute z:Ref="i370"/></URDFElement></ChildElements><ElementName>geometry</ElementName><required>true</required><Mesh z:Ref="i369"/></URDFElement></ChildElements><ElementName>collision</ElementName><required>false</required><Geometry z:Ref="i368"/><Origin z:Ref="i365"/></URDFElement><URDFElement z:Id="i371" i:type="Joint"><Attributes><Attribute z:Id="i372"><AttributeType>name</AttributeType><IsRequired>true</IsRequired><Value i:type="a:string" xmlns:a="http://www.w3.org/2001/XMLSchema">Engraderecho_joint</Value></Attribute><Attribute z:Id="i373"><AttributeType>type</AttributeType><IsRequired>true</IsRequired><Value i:type="a:string" xmlns:a="http://www.w3.org/2001/XMLSchema">Automatically Detect</Value></Attribute></Attributes><ChildElements><URDFElement z:Id="i374" i:type="Origin"><Attributes><Attribute z:Id="i375"><AttributeType>xyz</AttributeType><IsRequired>true</IsRequired><Value i:type="a:ArrayOfdouble" xmlns:a="http://schemas.microsoft.com/2003/10/Serialization/Arrays"><a:double>0</a:double><a:double>0</a:double><a:double>0</a:double></Value></Attribute><Attribute z:Id="i376"><AttributeType>rpy</AttributeType><IsRequired>true</IsRequired><Value i:type="a:ArrayOfdouble" xmlns:a="http://schemas.microsoft.com/2003/10/Serialization/Arrays"><a:double>0</a:double><a:double>0</a:double><a:double>0</a:double></Value></Attribute></Attributes><ChildElements/><ElementName>origin</ElementName><required>false</required><RPYAttribute z:Ref="i376"/><XYZAttribute z:Ref="i375"/><isCustomized>false</isCustomized></URDFElement><URDFElement z:Id="i377" i:type="ParentLink"><Attributes><Attribute z:Id="i378"><AttributeType>link</AttributeType><IsRequired>true</IsRequired><Value i:type="a:string" xmlns:a="http://www.w3.org/2001/XMLSchema"/></Attribute></Attributes><ChildElements/><ElementName>parent</ElementName><required>true</required><NameAttribute z:Ref="i378"/></URDFElement><URDFElement z:Id="i379" i:type="ChildLink"><Attributes><Attribute z:Id="i380"><AttributeType>link</AttributeType><IsRequired>true</IsRequired><Value i:type="a:string" xmlns:a="http://www.w3.org/2001/XMLSchema"/></Attribute></Attributes><ChildElements/><ElementName>child</ElementName><required>true</required><NameAttribute z:Ref="i380"/></URDFElement><URDFElement z:Id="i381" i:type="Axis"><Attributes><Attribute z:Id="i382"><AttributeType>xyz</AttributeType><IsRequired>true</IsRequired><Value i:type="a:ArrayOfdouble" xmlns:a="http://schemas.microsoft.com/2003/10/Serialization/Arrays"><a:double>0</a:double><a:double>0</a:double><a:double>0</a:double></Value></Attribute></Attributes><ChildElements/><ElementName>axis</ElementName><required>false</required><XYZAttribute z:Ref="i382"/></URDFElement><URDFElement z:Id="i383" i:type="Limit"><Attributes><Attribute z:Id="i384"><AttributeType>lower</AttributeType><IsRequired>false</IsRequired><Value i:nil="true"/></Attribute><Attribute z:Id="i385"><AttributeType>upper</AttributeType><IsRequired>false</IsRequired><Value i:nil="true"/></Attribute><Attribute z:Id="i386"><AttributeType>effort</AttributeType><IsRequired>true</IsRequired><Value i:nil="true"/></Attribute><Attribute z:Id="i387"><AttributeType>velocity</AttributeType><IsRequired>true</IsRequired><Value i:nil="true"/></Attribute></Attributes><ChildElements/><ElementName>limit</ElementName><required>false</required><EffortAttribute z:Ref="i386"/><LowerAttribute z:Ref="i384"/><UpperAttribute z:Ref="i385"/><VelocityAttribute z:Ref="i387"/></URDFElement><URDFElement z:Id="i388" i:type="Calibration"><Attributes><Attribute z:Id="i389"><AttributeType>rising</AttributeType><IsRequired>false</IsRequired><Value i:nil="true"/></Attribute><Attribute z:Id="i390"><AttributeType>falling</AttributeType><IsRequired>false</IsRequired><Value i:nil="true"/></Attribute></Attributes><ChildElements/><ElementName>calibration</ElementName><required>false</required><FallingAttribute z:Ref="i390"/><RisingAttribute z:Ref="i389"/></URDFElement><URDFElement z:Id="i391" i:type="Dynamics"><Attributes><Attribute z:Id="i392"><AttributeType>damping</AttributeType><IsRequired>false</IsRequired><Value i:nil="true"/></Attribute><Attribute z:Id="i393"><AttributeType>friction</AttributeType><IsRequired>false</IsRequired><Value i:nil="true"/></Attribute></Attributes><ChildElements/><ElementName>dynamics</ElementName><required>false</required><DampingAttribute z:Ref="i392"/><FrictionAttribute z:Ref="i393"/></URDFElement><URDFElement z:Id="i394" i:type="SafetyController"><Attributes><Attribute z:Id="i395"><AttributeType>soft_upper_limit</AttributeType><IsRequired>false</IsRequired><Value i:nil="true"/></Attribute><Attribute z:Id="i396"><AttributeType>soft_lower_limit</AttributeType><IsRequired>false</IsRequired><Value i:nil="true"/></Attribute><Attribute z:Id="i397"><AttributeType>k_position</AttributeType><IsRequired>false</IsRequired><Value i:nil="true"/></Attribute><Attribute z:Id="i398"><AttributeType>k_velocity</AttributeType><IsRequired>true</IsRequired><Value i:nil="true"/></Attribute></Attributes><ChildElements/><ElementName>safety_controller</ElementName><required>false</required><KPositionAttribute z:Ref="i397"/><KVelocityAttribute z:Ref="i398"/><SoftLowerAttribute z:Ref="i396"/><SoftUpperAttribute z:Ref="i395"/></URDFElement><URDFElement z:Id="i399" i:type="Mimic"><Attributes><Attribute z:Id="i400"><AttributeType>joint</AttributeType><IsRequired>true</IsRequired><Value i:nil="true"/></Attribute><Attribute z:Id="i401"><AttributeType>multiplier</AttributeType><IsRequired>false</IsRequired><Value i:nil="true"/></Attribute><Attribute z:Id="i402"><AttributeType>offset</AttributeType><IsRequired>false</IsRequired><Value i:nil="true"/></Attribute></Attributes><ChildElements/><ElementName>mimic</ElementName><required>false</required><JointNameAttribute z:Ref="i400"/><MultiplierAttribute z:Ref="i401"/><OffsetAttribute z:Ref="i402"/></URDFElement></ChildElements><ElementName>joint</ElementName><required>false</required><Axis z:Ref="i381"/><AxisName>Automatically Generate</AxisName><Calibration z:Ref="i388"/><Child z:Ref="i379"/><CoordinateSystemName>Automatically Generate</CoordinateSystemName><Dynamics z:Ref="i391"/><Limit z:Ref="i383"/><Mimic z:Ref="i399"/><NameAttribute z:Ref="i372"/><Origin z:Ref="i374"/><Parent z:Ref="i377"/><Safety z:Ref="i394"/><TypeAttribute z:Ref="i373"/></URDFElement></ChildElements><ElementName>link</ElementName><required>true</required><Children/><Collision z:Ref="i364"/><Inertial z:Ref="i338"/><Joint z:Ref="i371"/><NameAttribute z:Ref="i337"/><Parent z:Ref="i202"/><STLQualityFine>false</STLQualityFine><SWComponentPIDs xmlns:a="http://schemas.microsoft.com/2003/10/Serialization/Arrays"><a:base64Binary>UEYAAAUAAAD//v9UQQBzAHMAZQBtAGIAbAB5ACAAMgAuADAAIAB1AHAAbABvAGEAZAAuAHMAdABwAC0AMQBAAEUAbgBzAGEAbQBiAGwAYQBqAGUAVQBSAEQARgBQAFIASQBNAE8ALwBnAGUAYQByACAAMgAuADEALgBzAHQAcAAtADEAQABBAHMAcwBlAG0AYgBsAHkAIAAyAC4AMAAgAHUAcABsAG8AYQBkAC4AcwB0AHAABAAAABAAAAABAAAAAgAAABkAAAAeAAAA</a:base64Binary></SWComponentPIDs><SWMainComponentPID i:nil="true"/><Visual z:Ref="i351"/><isFixedFrame>false</isFixedFrame><isIncomplete>false</isIncomplete></Link><Link z:Id="i403"><Attributes><Attribute z:Id="i404"><AttributeType>name</AttributeType><IsRequired>true</IsRequired><Value i:type="a:string" xmlns:a="http://www.w3.org/2001/XMLSchema">Engraizquierdo_Link</Value></Attribute></Attributes><ChildElements><URDFElement z:Id="i405" i:type="Inertial"><Attributes/><ChildElements><URDFElement z:Id="i406" i:type="Origin"><Attributes><Attribute z:Id="i407"><AttributeType>xyz</AttributeType><IsRequired>true</IsRequired><Value i:type="a:ArrayOfdouble" xmlns:a="http://schemas.microsoft.com/2003/10/Serialization/Arrays"><a:double>0</a:double><a:double>0</a:double><a:double>0</a:double></Value></Attribute><Attribute z:Id="i408"><AttributeType>rpy</AttributeType><IsRequired>true</IsRequired><Value i:type="a:ArrayOfdouble" xmlns:a="http://schemas.microsoft.com/2003/10/Serialization/Arrays"><a:double>0</a:double><a:double>0</a:double><a:double>0</a:double></Value></Attribute></Attributes><ChildElements/><ElementName>origin</ElementName><required>false</required><RPYAttribute z:Ref="i408"/><XYZAttribute z:Ref="i407"/><isCustomized>false</isCustomized></URDFElement><URDFElement z:Id="i409" i:type="Mass"><Attributes><Attribute z:Id="i410"><AttributeType>value</AttributeType><IsRequired>true</IsRequired><Value i:type="a:double" xmlns:a="http://www.w3.org/2001/XMLSchema">0</Value></Attribute></Attributes><ChildElements/><ElementName>mass</ElementName><required>false</required><ValueAttribute z:Ref="i410"/></URDFElement><URDFElement z:Id="i411" i:type="Inertia"><Attributes><Attribute z:Id="i412"><AttributeType>ixx</AttributeType><IsRequired>true</IsRequired><Value i:type="a:double" xmlns:a="http://www.w3.org/2001/XMLSchema">0</Value></Attribute><Attribute z:Id="i413"><AttributeType>ixy</AttributeType><IsRequired>true</IsRequired><Value i:type="a:double" xmlns:a="http://www.w3.org/2001/XMLSchema">0</Value></Attribute><Attribute z:Id="i414"><AttributeType>ixz</AttributeType><IsRequired>true</IsRequired><Value i:type="a:double" xmlns:a="http://www.w3.org/2001/XMLSchema">0</Value></Attribute><Attribute z:Id="i415"><AttributeType>iyy</AttributeType><IsRequired>true</IsRequired><Value i:type="a:double" xmlns:a="http://www.w3.org/2001/XMLSchema">0</Value></Attribute><Attribute z:Id="i416"><AttributeType>iyz</AttributeType><IsRequired>true</IsRequired><Value i:type="a:double" xmlns:a="http://www.w3.org/2001/XMLSchema">0</Value></Attribute><Attribute z:Id="i417"><AttributeType>izz</AttributeType><IsRequired>true</IsRequired><Value i:type="a:double" xmlns:a="http://www.w3.org/2001/XMLSchema">0</Value></Attribute></Attributes><ChildElements/><ElementName>inertia</ElementName><required>false</required><IxxAttribute z:Ref="i412"/><IxyAttribute z:Ref="i413"/><IxzAttribute z:Ref="i414"/><IyyAttribute z:Ref="i415"/><IyzAttribute z:Ref="i416"/><IzzAttribute z:Ref="i417"/></URDFElement></ChildElements><ElementName>inertial</ElementName><required>false</required><Inertia z:Ref="i411"/><Mass z:Ref="i409"/><Origin z:Ref="i406"/></URDFElement><URDFElement z:Id="i418" i:type="Visual"><Attributes/><ChildElements><URDFElement z:Id="i419" i:type="Origin"><Attributes><Attribute z:Id="i420"><AttributeType>xyz</AttributeType><IsRequired>true</IsRequired><Value i:type="a:ArrayOfdouble" xmlns:a="http://schemas.microsoft.com/2003/10/Serialization/Arrays"><a:double>0</a:double><a:double>0</a:double><a:double>0</a:double></Value></Attribute><Attribute z:Id="i421"><AttributeType>rpy</AttributeType><IsRequired>true</IsRequired><Value i:type="a:ArrayOfdouble" xmlns:a="http://schemas.microsoft.com/2003/10/Serialization/Arrays"><a:double>0</a:double><a:double>0</a:double><a:double>0</a:double></Value></Attribute></Attributes><ChildElements/><ElementName>origin</ElementName><required>false</required><RPYAttribute z:Ref="i421"/><XYZAttribute z:Ref="i420"/><isCustomized>false</isCustomized></URDFElement><URDFElement z:Id="i422" i:type="Geometry"><Attributes/><ChildElements><URDFElement z:Id="i423" i:type="Mesh"><Attributes><Attribute z:Id="i424"><AttributeType>filename</AttributeType><IsRequired>true</IsRequired><Value i:nil="true"/></Attribute></Attributes><ChildElements/><ElementName>mesh</ElementName><required>false</required><FilenameAttribute z:Ref="i424"/></URDFElement></ChildElements><ElementName>geometry</ElementName><required>true</required><Mesh z:Ref="i423"/></URDFElement><URDFElement z:Id="i425" i:type="Material"><Attributes><Attribute z:Id="i426"><AttributeType>name</AttributeType><IsRequired>true</IsRequired><Value i:type="a:string" xmlns:a="http://www.w3.org/2001/XMLSchema"/></Attribute></Attributes><ChildElements><URDFElement z:Id="i427" i:type="Color"><Attributes><Attribute z:Id="i428"><AttributeType>rgba</AttributeType><IsRequired>true</IsRequired><Value i:type="a:ArrayOfdouble" xmlns:a="http://schemas.microsoft.com/2003/10/Serialization/Arrays"><a:double>1</a:double><a:double>1</a:double><a:double>1</a:double><a:double>1</a:double></Value></Attribute></Attributes><ChildElements/><ElementName>color</ElementName><required>false</required><RGBAAttribute z:Ref="i428"/></URDFElement><URDFElement z:Id="i429" i:type="Texture"><Attributes><Attribute z:Id="i430"><AttributeType>filename</AttributeType><IsRequired>true</IsRequired><Value i:nil="true"/></Attribute></Attributes><ChildElements/><ElementName>texture</ElementName><required>false</required><FilenameAttribute z:Ref="i430"/><wFilename/></URDFElement></ChildElements><ElementName>material</ElementName><required>false</required><Color z:Ref="i427"/><NameAttribute z:Ref="i426"/><Texture z:Ref="i429"/></URDFElement></ChildElements><ElementName>visual</ElementName><required>false</required><Geometry z:Ref="i422"/><Material z:Ref="i425"/><Origin z:Ref="i419"/></URDFElement><URDFElement z:Id="i431" i:type="Collision"><Attributes/><ChildElements><URDFElement z:Id="i432" i:type="Origin"><Attributes><Attribute z:Id="i433"><AttributeType>xyz</AttributeType><IsRequired>true</IsRequired><Value i:type="a:ArrayOfdouble" xmlns:a="http://schemas.microsoft.com/2003/10/Serialization/Arrays"><a:double>0</a:double><a:double>0</a:double><a:double>0</a:double></Value></Attribute><Attribute z:Id="i434"><AttributeType>rpy</AttributeType><IsRequired>true</IsRequired><Value i:type="a:ArrayOfdouble" xmlns:a="http://schemas.microsoft.com/2003/10/Serialization/Arrays"><a:double>0</a:double><a:double>0</a:double><a:double>0</a:double></Value></Attribute></Attributes><ChildElements/><ElementName>origin</ElementName><required>false</required><RPYAttribute z:Ref="i434"/><XYZAttribute z:Ref="i433"/><isCustomized>false</isCustomized></URDFElement><URDFElement z:Id="i435" i:type="Geometry"><Attributes/><ChildElements><URDFElement z:Id="i436" i:type="Mesh"><Attributes><Attribute z:Id="i437"><AttributeType>filename</AttributeType><IsRequired>true</IsRequired><Value i:nil="true"/></Attribute></Attributes><ChildElements/><ElementName>mesh</ElementName><required>false</required><FilenameAttribute z:Ref="i437"/></URDFElement></ChildElements><ElementName>geometry</ElementName><required>true</required><Mesh z:Ref="i436"/></URDFElement></ChildElements><ElementName>collision</ElementName><required>false</required><Geometry z:Ref="i435"/><Origin z:Ref="i432"/></URDFElement><URDFElement z:Id="i438" i:type="Joint"><Attributes><Attribute z:Id="i439"><AttributeType>name</AttributeType><IsRequired>true</IsRequired><Value i:type="a:string" xmlns:a="http://www.w3.org/2001/XMLSchema">Engraizquierdo_joint</Value></Attribute><Attribute z:Id="i440"><AttributeType>type</AttributeType><IsRequired>true</IsRequired><Value i:type="a:string" xmlns:a="http://www.w3.org/2001/XMLSchema">Automatically Detect</Value></Attribute></Attributes><ChildElements><URDFElement z:Id="i441" i:type="Origin"><Attributes><Attribute z:Id="i442"><AttributeType>xyz</AttributeType><IsRequired>true</IsRequired><Value i:type="a:ArrayOfdouble" xmlns:a="http://schemas.microsoft.com/2003/10/Serialization/Arrays"><a:double>0</a:double><a:double>0</a:double><a:double>0</a:double></Value></Attribute><Attribute z:Id="i443"><AttributeType>rpy</AttributeType><IsRequired>true</IsRequired><Value i:type="a:ArrayOfdouble" xmlns:a="http://schemas.microsoft.com/2003/10/Serialization/Arrays"><a:double>0</a:double><a:double>0</a:double><a:double>0</a:double></Value></Attribute></Attributes><ChildElements/><ElementName>origin</ElementName><required>false</required><RPYAttribute z:Ref="i443"/><XYZAttribute z:Ref="i442"/><isCustomized>false</isCustomized></URDFElement><URDFElement z:Id="i444" i:type="ParentLink"><Attributes><Attribute z:Id="i445"><AttributeType>link</AttributeType><IsRequired>true</IsRequired><Value i:type="a:string" xmlns:a="http://www.w3.org/2001/XMLSchema"/></Attribute></Attributes><ChildElements/><ElementName>parent</ElementName><required>true</required><NameAttribute z:Ref="i445"/></URDFElement><URDFElement z:Id="i446" i:type="ChildLink"><Attributes><Attribute z:Id="i447"><AttributeType>link</AttributeType><IsRequired>true</IsRequired><Value i:type="a:string" xmlns:a="http://www.w3.org/2001/XMLSchema"/></Attribute></Attributes><ChildElements/><ElementName>child</ElementName><required>true</required><NameAttribute z:Ref="i447"/></URDFElement><URDFElement z:Id="i448" i:type="Axis"><Attributes><Attribute z:Id="i449"><AttributeType>xyz</AttributeType><IsRequired>true</IsRequired><Value i:type="a:ArrayOfdouble" xmlns:a="http://schemas.microsoft.com/2003/10/Serialization/Arrays"><a:double>0</a:double><a:double>0</a:double><a:double>0</a:double></Value></Attribute></Attributes><ChildElements/><ElementName>axis</ElementName><required>false</required><XYZAttribute z:Ref="i449"/></URDFElement><URDFElement z:Id="i450" i:type="Limit"><Attributes><Attribute z:Id="i451"><AttributeType>lower</AttributeType><IsRequired>false</IsRequired><Value i:nil="true"/></Attribute><Attribute z:Id="i452"><AttributeType>upper</AttributeType><IsRequired>false</IsRequired><Value i:nil="true"/></Attribute><Attribute z:Id="i453"><AttributeType>effort</AttributeType><IsRequired>true</IsRequired><Value i:nil="true"/></Attribute><Attribute z:Id="i454"><AttributeType>velocity</AttributeType><IsRequired>true</IsRequired><Value i:nil="true"/></Attribute></Attributes><ChildElements/><ElementName>limit</ElementName><required>false</required><EffortAttribute z:Ref="i453"/><LowerAttribute z:Ref="i451"/><UpperAttribute z:Ref="i452"/><VelocityAttribute z:Ref="i454"/></URDFElement><URDFElement z:Id="i455" i:type="Calibration"><Attributes><Attribute z:Id="i456"><AttributeType>rising</AttributeType><IsRequired>false</IsRequired><Value i:nil="true"/></Attribute><Attribute z:Id="i457"><AttributeType>falling</AttributeType><IsRequired>false</IsRequired><Value i:nil="true"/></Attribute></Attributes><ChildElements/><ElementName>calibration</ElementName><required>false</required><FallingAttribute z:Ref="i457"/><RisingAttribute z:Ref="i456"/></URDFElement><URDFElement z:Id="i458" i:type="Dynamics"><Attributes><Attribute z:Id="i459"><AttributeType>damping</AttributeType><IsRequired>false</IsRequired><Value i:nil="true"/></Attribute><Attribute z:Id="i460"><AttributeType>friction</AttributeType><IsRequired>false</IsRequired><Value i:nil="true"/></Attribute></Attributes><ChildElements/><ElementName>dynamics</ElementName><required>false</required><DampingAttribute z:Ref="i459"/><FrictionAttribute z:Ref="i460"/></URDFElement><URDFElement z:Id="i461" i:type="SafetyController"><Attributes><Attribute z:Id="i462"><AttributeType>soft_upper_limit</AttributeType><IsRequired>false</IsRequired><Value i:nil="true"/></Attribute><Attribute z:Id="i463"><AttributeType>soft_lower_limit</AttributeType><IsRequired>false</IsRequired><Value i:nil="true"/></Attribute><Attribute z:Id="i464"><AttributeType>k_position</AttributeType><IsRequired>false</IsRequired><Value i:nil="true"/></Attribute><Attribute z:Id="i465"><AttributeType>k_velocity</AttributeType><IsRequired>true</IsRequired><Value i:nil="true"/></Attribute></Attributes><ChildElements/><ElementName>safety_controller</ElementName><required>false</required><KPositionAttribute z:Ref="i464"/><KVelocityAttribute z:Ref="i465"/><SoftLowerAttribute z:Ref="i463"/><SoftUpperAttribute z:Ref="i462"/></URDFElement><URDFElement z:Id="i466" i:type="Mimic"><Attributes><Attribute z:Id="i467"><AttributeType>joint</AttributeType><IsRequired>true</IsRequired><Value i:nil="true"/></Attribute><Attribute z:Id="i468"><AttributeType>multiplier</AttributeType><IsRequired>false</IsRequired><Value i:nil="true"/></Attribute><Attribute z:Id="i469"><AttributeType>offset</AttributeType><IsRequired>false</IsRequired><Value i:nil="true"/></Attribute></Attributes><ChildElements/><ElementName>mimic</ElementName><required>false</required><JointNameAttribute z:Ref="i467"/><MultiplierAttribute z:Ref="i468"/><OffsetAttribute z:Ref="i469"/></URDFElement></ChildElements><ElementName>joint</ElementName><required>false</required><Axis z:Ref="i448"/><AxisName>Automatically Generate</AxisName><Calibration z:Ref="i455"/><Child z:Ref="i446"/><CoordinateSystemName>Automatically Generate</CoordinateSystemName><Dynamics z:Ref="i458"/><Limit z:Ref="i450"/><Mimic z:Ref="i466"/><NameAttribute z:Ref="i439"/><Origin z:Ref="i441"/><Parent z:Ref="i444"/><Safety z:Ref="i461"/><TypeAttribute z:Ref="i440"/></URDFElement></ChildElements><ElementName>link</ElementName><required>true</required><Children/><Collision z:Ref="i431"/><Inertial z:Ref="i405"/><Joint z:Ref="i438"/><NameAttribute z:Ref="i404"/><Parent z:Ref="i202"/><STLQualityFine>false</STLQualityFine><SWComponentPIDs xmlns:a="http://schemas.microsoft.com/2003/10/Serialization/Arrays"><a:base64Binary>UEYAAAUAAAD//v9QQQBzAHMAZQBtAGIAbAB5ACAAMgAuADAAIAB1AHAAbABvAGEAZAAuAHMAdABwAC0AMQBAAEUAbgBzAGEAbQBiAGwAYQBqAGUAVQBSAEQARgBQAFIASQBNAE8ALwBnAGUAYQByAC4AcwB0AHAALQAxAEAAQQBzAHMAZQBtAGIAbAB5ACAAMgAuADAAIAB1AHAAbABvAGEAZAAuAHMAdABwAAQAAAAQAAAAAQAAAAIAAAAZAAAAGAAAAA==</a:base64Binary></SWComponentPIDs><SWMainComponentPID i:nil="true"/><Visual z:Ref="i418"/><isFixedFrame>false</isFixedFrame><isIncomplete>false</isIncomplete></Link><Link z:Id="i470"><Attributes><Attribute z:Id="i471"><AttributeType>name</AttributeType><IsRequired>true</IsRequired><Value i:type="a:string" xmlns:a="http://www.w3.org/2001/XMLSchema">braerecho_Link</Value></Attribute></Attributes><ChildElements><URDFElement z:Id="i472" i:type="Inertial"><Attributes/><ChildElements><URDFElement z:Id="i473" i:type="Origin"><Attributes><Attribute z:Id="i474"><AttributeType>xyz</AttributeType><IsRequired>true</IsRequired><Value i:type="a:ArrayOfdouble" xmlns:a="http://schemas.microsoft.com/2003/10/Serialization/Arrays"><a:double>0</a:double><a:double>0</a:double><a:double>0</a:double></Value></Attribute><Attribute z:Id="i475"><AttributeType>rpy</AttributeType><IsRequired>true</IsRequired><Value i:type="a:ArrayOfdouble" xmlns:a="http://schemas.microsoft.com/2003/10/Serialization/Arrays"><a:double>0</a:double><a:double>0</a:double><a:double>0</a:double></Value></Attribute></Attributes><ChildElements/><ElementName>origin</ElementName><required>false</required><RPYAttribute z:Ref="i475"/><XYZAttribute z:Ref="i474"/><isCustomized>false</isCustomized></URDFElement><URDFElement z:Id="i476" i:type="Mass"><Attributes><Attribute z:Id="i477"><AttributeType>value</AttributeType><IsRequired>true</IsRequired><Value i:type="a:double" xmlns:a="http://www.w3.org/2001/XMLSchema">0</Value></Attribute></Attributes><ChildElements/><ElementName>mass</ElementName><required>false</required><ValueAttribute z:Ref="i477"/></URDFElement><URDFElement z:Id="i478" i:type="Inertia"><Attributes><Attribute z:Id="i479"><AttributeType>ixx</AttributeType><IsRequired>true</IsRequired><Value i:type="a:double" xmlns:a="http://www.w3.org/2001/XMLSchema">0</Value></Attribute><Attribute z:Id="i480"><AttributeType>ixy</AttributeType><IsRequired>true</IsRequired><Value i:type="a:double" xmlns:a="http://www.w3.org/2001/XMLSchema">0</Value></Attribute><Attribute z:Id="i481"><AttributeType>ixz</AttributeType><IsRequired>true</IsRequired><Value i:type="a:double" xmlns:a="http://www.w3.org/2001/XMLSchema">0</Value></Attribute><Attribute z:Id="i482"><AttributeType>iyy</AttributeType><IsRequired>true</IsRequired><Value i:type="a:double" xmlns:a="http://www.w3.org/2001/XMLSchema">0</Value></Attribute><Attribute z:Id="i483"><AttributeType>iyz</AttributeType><IsRequired>true</IsRequired><Value i:type="a:double" xmlns:a="http://www.w3.org/2001/XMLSchema">0</Value></Attribute><Attribute z:Id="i484"><AttributeType>izz</AttributeType><IsRequired>true</IsRequired><Value i:type="a:double" xmlns:a="http://www.w3.org/2001/XMLSchema">0</Value></Attribute></Attributes><ChildElements/><ElementName>inertia</ElementName><required>false</required><IxxAttribute z:Ref="i479"/><IxyAttribute z:Ref="i480"/><IxzAttribute z:Ref="i481"/><IyyAttribute z:Ref="i482"/><IyzAttribute z:Ref="i483"/><IzzAttribute z:Ref="i484"/></URDFElement></ChildElements><ElementName>inertial</ElementName><required>false</required><Inertia z:Ref="i478"/><Mass z:Ref="i476"/><Origin z:Ref="i473"/></URDFElement><URDFElement z:Id="i485" i:type="Visual"><Attributes/><ChildElements><URDFElement z:Id="i486" i:type="Origin"><Attributes><Attribute z:Id="i487"><AttributeType>xyz</AttributeType><IsRequired>true</IsRequired><Value i:type="a:ArrayOfdouble" xmlns:a="http://schemas.microsoft.com/2003/10/Serialization/Arrays"><a:double>0</a:double><a:double>0</a:double><a:double>0</a:double></Value></Attribute><Attribute z:Id="i488"><AttributeType>rpy</AttributeType><IsRequired>true</IsRequired><Value i:type="a:ArrayOfdouble" xmlns:a="http://schemas.microsoft.com/2003/10/Serialization/Arrays"><a:double>0</a:double><a:double>0</a:double><a:double>0</a:double></Value></Attribute></Attributes><ChildElements/><ElementName>origin</ElementName><required>false</required><RPYAttribute z:Ref="i488"/><XYZAttribute z:Ref="i487"/><isCustomized>false</isCustomized></URDFElement><URDFElement z:Id="i489" i:type="Geometry"><Attributes/><ChildElements><URDFElement z:Id="i490" i:type="Mesh"><Attributes><Attribute z:Id="i491"><AttributeType>filename</AttributeType><IsRequired>true</IsRequired><Value i:nil="true"/></Attribute></Attributes><ChildElements/><ElementName>mesh</ElementName><required>false</required><FilenameAttribute z:Ref="i491"/></URDFElement></ChildElements><ElementName>geometry</ElementName><required>true</required><Mesh z:Ref="i490"/></URDFElement><URDFElement z:Id="i492" i:type="Material"><Attributes><Attribute z:Id="i493"><AttributeType>name</AttributeType><IsRequired>true</IsRequired><Value i:type="a:string" xmlns:a="http://www.w3.org/2001/XMLSchema"/></Attribute></Attributes><ChildElements><URDFElement z:Id="i494" i:type="Color"><Attributes><Attribute z:Id="i495"><AttributeType>rgba</AttributeType><IsRequired>true</IsRequired><Value i:type="a:ArrayOfdouble" xmlns:a="http://schemas.microsoft.com/2003/10/Serialization/Arrays"><a:double>1</a:double><a:double>1</a:double><a:double>1</a:double><a:double>1</a:double></Value></Attribute></Attributes><ChildElements/><ElementName>color</ElementName><required>false</required><RGBAAttribute z:Ref="i495"/></URDFElement><URDFElement z:Id="i496" i:type="Texture"><Attributes><Attribute z:Id="i497"><AttributeType>filename</AttributeType><IsRequired>true</IsRequired><Value i:nil="true"/></Attribute></Attributes><ChildElements/><ElementName>texture</ElementName><required>false</required><FilenameAttribute z:Ref="i497"/><wFilename/></URDFElement></ChildElements><ElementName>material</ElementName><required>false</required><Color z:Ref="i494"/><NameAttribute z:Ref="i493"/><Texture z:Ref="i496"/></URDFElement></ChildElements><ElementName>visual</ElementName><required>false</required><Geometry z:Ref="i489"/><Material z:Ref="i492"/><Origin z:Ref="i486"/></URDFElement><URDFElement z:Id="i498" i:type="Collision"><Attributes/><ChildElements><URDFElement z:Id="i499" i:type="Origin"><Attributes><Attribute z:Id="i500"><AttributeType>xyz</AttributeType><IsRequired>true</IsRequired><Value i:type="a:ArrayOfdouble" xmlns:a="http://schemas.microsoft.com/2003/10/Serialization/Arrays"><a:double>0</a:double><a:double>0</a:double><a:double>0</a:double></Value></Attribute><Attribute z:Id="i501"><AttributeType>rpy</AttributeType><IsRequired>true</IsRequired><Value i:type="a:ArrayOfdouble" xmlns:a="http://schemas.microsoft.com/2003/10/Serialization/Arrays"><a:double>0</a:double><a:double>0</a:double><a:double>0</a:double></Value></Attribute></Attributes><ChildElements/><ElementName>origin</ElementName><required>false</required><RPYAttribute z:Ref="i501"/><XYZAttribute z:Ref="i500"/><isCustomized>false</isCustomized></URDFElement><URDFElement z:Id="i502" i:type="Geometry"><Attributes/><ChildElements><URDFElement z:Id="i503" i:type="Mesh"><Attributes><Attribute z:Id="i504"><AttributeType>filename</AttributeType><IsRequired>true</IsRequired><Value i:nil="true"/></Attribute></Attributes><ChildElements/><ElementName>mesh</ElementName><required>false</required><FilenameAttribute z:Ref="i504"/></URDFElement></ChildElements><ElementName>geometry</ElementName><required>true</required><Mesh z:Ref="i503"/></URDFElement></ChildElements><ElementName>collision</ElementName><required>false</required><Geometry z:Ref="i502"/><Origin z:Ref="i499"/></URDFElement><URDFElement z:Id="i505" i:type="Joint"><Attributes><Attribute z:Id="i506"><AttributeType>name</AttributeType><IsRequired>true</IsRequired><Value i:type="a:string" xmlns:a="http://www.w3.org/2001/XMLSchema">braerecho_joint</Value></Attribute><Attribute z:Id="i507"><AttributeType>type</AttributeType><IsRequired>true</IsRequired><Value i:type="a:string" xmlns:a="http://www.w3.org/2001/XMLSchema">Automatically Detect</Value></Attribute></Attributes><ChildElements><URDFElement z:Id="i508" i:type="Origin"><Attributes><Attribute z:Id="i509"><AttributeType>xyz</AttributeType><IsRequired>true</IsRequired><Value i:type="a:ArrayOfdouble" xmlns:a="http://schemas.microsoft.com/2003/10/Serialization/Arrays"><a:double>0</a:double><a:double>0</a:double><a:double>0</a:double></Value></Attribute><Attribute z:Id="i510"><AttributeType>rpy</AttributeType><IsRequired>true</IsRequired><Value i:type="a:ArrayOfdouble" xmlns:a="http://schemas.microsoft.com/2003/10/Serialization/Arrays"><a:double>0</a:double><a:double>0</a:double><a:double>0</a:double></Value></Attribute></Attributes><ChildElements/><ElementName>origin</ElementName><required>false</required><RPYAttribute z:Ref="i510"/><XYZAttribute z:Ref="i509"/><isCustomized>false</isCustomized></URDFElement><URDFElement z:Id="i511" i:type="ParentLink"><Attributes><Attribute z:Id="i512"><AttributeType>link</AttributeType><IsRequired>true</IsRequired><Value i:type="a:string" xmlns:a="http://www.w3.org/2001/XMLSchema"/></Attribute></Attributes><ChildElements/><ElementName>parent</ElementName><required>true</required><NameAttribute z:Ref="i512"/></URDFElement><URDFElement z:Id="i513" i:type="ChildLink"><Attributes><Attribute z:Id="i514"><AttributeType>link</AttributeType><IsRequired>true</IsRequired><Value i:type="a:string" xmlns:a="http://www.w3.org/2001/XMLSchema"/></Attribute></Attributes><ChildElements/><ElementName>child</ElementName><required>true</required><NameAttribute z:Ref="i514"/></URDFElement><URDFElement z:Id="i515" i:type="Axis"><Attributes><Attribute z:Id="i516"><AttributeType>xyz</AttributeType><IsRequired>true</IsRequired><Value i:type="a:ArrayOfdouble" xmlns:a="http://schemas.microsoft.com/2003/10/Serialization/Arrays"><a:double>0</a:double><a:double>0</a:double><a:double>0</a:double></Value></Attribute></Attributes><ChildElements/><ElementName>axis</ElementName><required>false</required><XYZAttribute z:Ref="i516"/></URDFElement><URDFElement z:Id="i517" i:type="Limit"><Attributes><Attribute z:Id="i518"><AttributeType>lower</AttributeType><IsRequired>false</IsRequired><Value i:nil="true"/></Attribute><Attribute z:Id="i519"><AttributeType>upper</AttributeType><IsRequired>false</IsRequired><Value i:nil="true"/></Attribute><Attribute z:Id="i520"><AttributeType>effort</AttributeType><IsRequired>true</IsRequired><Value i:nil="true"/></Attribute><Attribute z:Id="i521"><AttributeType>velocity</AttributeType><IsRequired>true</IsRequired><Value i:nil="true"/></Attribute></Attributes><ChildElements/><ElementName>limit</ElementName><required>false</required><EffortAttribute z:Ref="i520"/><LowerAttribute z:Ref="i518"/><UpperAttribute z:Ref="i519"/><VelocityAttribute z:Ref="i521"/></URDFElement><URDFElement z:Id="i522" i:type="Calibration"><Attributes><Attribute z:Id="i523"><AttributeType>rising</AttributeType><IsRequired>false</IsRequired><Value i:nil="true"/></Attribute><Attribute z:Id="i524"><AttributeType>falling</AttributeType><IsRequired>false</IsRequired><Value i:nil="true"/></Attribute></Attributes><ChildElements/><ElementName>calibration</ElementName><required>false</required><FallingAttribute z:Ref="i524"/><RisingAttribute z:Ref="i523"/></URDFElement><URDFElement z:Id="i525" i:type="Dynamics"><Attributes><Attribute z:Id="i526"><AttributeType>damping</AttributeType><IsRequired>false</IsRequired><Value i:nil="true"/></Attribute><Attribute z:Id="i527"><AttributeType>friction</AttributeType><IsRequired>false</IsRequired><Value i:nil="true"/></Attribute></Attributes><ChildElements/><ElementName>dynamics</ElementName><required>false</required><DampingAttribute z:Ref="i526"/><FrictionAttribute z:Ref="i527"/></URDFElement><URDFElement z:Id="i528" i:type="SafetyController"><Attributes><Attribute z:Id="i529"><AttributeType>soft_upper_limit</AttributeType><IsRequired>false</IsRequired><Value i:nil="true"/></Attribute><Attribute z:Id="i530"><AttributeType>soft_lower_limit</AttributeType><IsRequired>false</IsRequired><Value i:nil="true"/></Attribute><Attribute z:Id="i531"><AttributeType>k_position</AttributeType><IsRequired>false</IsRequired><Value i:nil="true"/></Attribute><Attribute z:Id="i532"><AttributeType>k_velocity</AttributeType><IsRequired>true</IsRequired><Value i:nil="true"/></Attribute></Attributes><ChildElements/><ElementName>safety_controller</ElementName><required>false</required><KPositionAttribute z:Ref="i531"/><KVelocityAttribute z:Ref="i532"/><SoftLowerAttribute z:Ref="i530"/><SoftUpperAttribute z:Ref="i529"/></URDFElement><URDFElement z:Id="i533" i:type="Mimic"><Attributes><Attribute z:Id="i534"><AttributeType>joint</AttributeType><IsRequired>true</IsRequired><Value i:nil="true"/></Attribute><Attribute z:Id="i535"><AttributeType>multiplier</AttributeType><IsRequired>false</IsRequired><Value i:nil="true"/></Attribute><Attribute z:Id="i536"><AttributeType>offset</AttributeType><IsRequired>false</IsRequired><Value i:nil="true"/></Attribute></Attributes><ChildElements/><ElementName>mimic</ElementName><required>false</required><JointNameAttribute z:Ref="i534"/><MultiplierAttribute z:Ref="i535"/><OffsetAttribute z:Ref="i536"/></URDFElement></ChildElements><ElementName>joint</ElementName><required>false</required><Axis z:Ref="i515"/><AxisName>Automatically Generate</AxisName><Calibration z:Ref="i522"/><Child z:Ref="i513"/><CoordinateSystemName>Automatically Generate</CoordinateSystemName><Dynamics z:Ref="i525"/><Limit z:Ref="i517"/><Mimic z:Ref="i533"/><NameAttribute z:Ref="i506"/><Origin z:Ref="i508"/><Parent z:Ref="i511"/><Safety z:Ref="i528"/><TypeAttribute z:Ref="i507"/></URDFElement></ChildElements><ElementName>link</ElementName><required>true</required><Children/><Collision z:Ref="i498"/><Inertial z:Ref="i472"/><Joint z:Ref="i505"/><NameAttribute z:Ref="i471"/><Parent z:Ref="i202"/><STLQualityFine>false</STLQualityFine><SWComponentPIDs xmlns:a="http://schemas.microsoft.com/2003/10/Serialization/Arrays"><a:base64Binary>UEYAAAUAAAD//v9TQQBzAHMAZQBtAGIAbAB5ACAAMgAuADAAIAB1AHAAbABvAGEAZAAuAHMAdABwAC0AMQBAAEUAbgBzAGEAbQBiAGwAYQBqAGUAVQBSAEQARgBQAFIASQBNAE8ALwBnAHIAaQBwAHAAZQByAC4AcwB0AHAALQAxAEAAQQBzAHMAZQBtAGIAbAB5ACAAMgAuADAAIAB1AHAAbABvAGEAZAAuAHMAdABwAAQAAAAQAAAAAQAAAAIAAAAZAAAAGQAAAA==</a:base64Binary></SWComponentPIDs><SWMainComponentPID i:nil="true"/><Visual z:Ref="i485"/><isFixedFrame>false</isFixedFrame><isIncomplete>false</isIncomplete></Link><Link z:Id="i537"><Attributes><Attribute z:Id="i538"><AttributeType>name</AttributeType><IsRequired>true</IsRequired><Value i:type="a:string" xmlns:a="http://www.w3.org/2001/XMLSchema">braizquierdo_Link</Value></Attribute></Attributes><ChildElements><URDFElement z:Id="i539" i:type="Inertial"><Attributes/><ChildElements><URDFElement z:Id="i540" i:type="Origin"><Attributes><Attribute z:Id="i541"><AttributeType>xyz</AttributeType><IsRequired>true</IsRequired><Value i:type="a:ArrayOfdouble" xmlns:a="http://schemas.microsoft.com/2003/10/Serialization/Arrays"><a:double>0</a:double><a:double>0</a:double><a:double>0</a:double></Value></Attribute><Attribute z:Id="i542"><AttributeType>rpy</AttributeType><IsRequired>true</IsRequired><Value i:type="a:ArrayOfdouble" xmlns:a="http://schemas.microsoft.com/2003/10/Serialization/Arrays"><a:double>0</a:double><a:double>0</a:double><a:double>0</a:double></Value></Attribute></Attributes><ChildElements/><ElementName>origin</ElementName><required>false</required><RPYAttribute z:Ref="i542"/><XYZAttribute z:Ref="i541"/><isCustomized>false</isCustomized></URDFElement><URDFElement z:Id="i543" i:type="Mass"><Attributes><Attribute z:Id="i544"><AttributeType>value</AttributeType><IsRequired>true</IsRequired><Value i:type="a:double" xmlns:a="http://www.w3.org/2001/XMLSchema">0</Value></Attribute></Attributes><ChildElements/><ElementName>mass</ElementName><required>false</required><ValueAttribute z:Ref="i544"/></URDFElement><URDFElement z:Id="i545" i:type="Inertia"><Attributes><Attribute z:Id="i546"><AttributeType>ixx</AttributeType><IsRequired>true</IsRequired><Value i:type="a:double" xmlns:a="http://www.w3.org/2001/XMLSchema">0</Value></Attribute><Attribute z:Id="i547"><AttributeType>ixy</AttributeType><IsRequired>true</IsRequired><Value i:type="a:double" xmlns:a="http://www.w3.org/2001/XMLSchema">0</Value></Attribute><Attribute z:Id="i548"><AttributeType>ixz</AttributeType><IsRequired>true</IsRequired><Value i:type="a:double" xmlns:a="http://www.w3.org/2001/XMLSchema">0</Value></Attribute><Attribute z:Id="i549"><AttributeType>iyy</AttributeType><IsRequired>true</IsRequired><Value i:type="a:double" xmlns:a="http://www.w3.org/2001/XMLSchema">0</Value></Attribute><Attribute z:Id="i550"><AttributeType>iyz</AttributeType><IsRequired>true</IsRequired><Value i:type="a:double" xmlns:a="http://www.w3.org/2001/XMLSchema">0</Value></Attribute><Attribute z:Id="i551"><AttributeType>izz</AttributeType><IsRequired>true</IsRequired><Value i:type="a:double" xmlns:a="http://www.w3.org/2001/XMLSchema">0</Value></Attribute></Attributes><ChildElements/><ElementName>inertia</ElementName><required>false</required><IxxAttribute z:Ref="i546"/><IxyAttribute z:Ref="i547"/><IxzAttribute z:Ref="i548"/><IyyAttribute z:Ref="i549"/><IyzAttribute z:Ref="i550"/><IzzAttribute z:Ref="i551"/></URDFElement></ChildElements><ElementName>inertial</ElementName><required>false</required><Inertia z:Ref="i545"/><Mass z:Ref="i543"/><Origin z:Ref="i540"/></URDFElement><URDFElement z:Id="i552" i:type="Visual"><Attributes/><ChildElements><URDFElement z:Id="i553" i:type="Origin"><Attributes><Attribute z:Id="i554"><AttributeType>xyz</AttributeType><IsRequired>true</IsRequired><Value i:type="a:ArrayOfdouble" xmlns:a="http://schemas.microsoft.com/2003/10/Serialization/Arrays"><a:double>0</a:double><a:double>0</a:double><a:double>0</a:double></Value></Attribute><Attribute z:Id="i555"><AttributeType>rpy</AttributeType><IsRequired>true</IsRequired><Value i:type="a:ArrayOfdouble" xmlns:a="http://schemas.microsoft.com/2003/10/Serialization/Arrays"><a:double>0</a:double><a:double>0</a:double><a:double>0</a:double></Value></Attribute></Attributes><ChildElements/><ElementName>origin</ElementName><required>false</required><RPYAttribute z:Ref="i555"/><XYZAttribute z:Ref="i554"/><isCustomized>false</isCustomized></URDFElement><URDFElement z:Id="i556" i:type="Geometry"><Attributes/><ChildElements><URDFElement z:Id="i557" i:type="Mesh"><Attributes><Attribute z:Id="i558"><AttributeType>filename</AttributeType><IsRequired>true</IsRequired><Value i:nil="true"/></Attribute></Attributes><ChildElements/><ElementName>mesh</ElementName><required>false</required><FilenameAttribute z:Ref="i558"/></URDFElement></ChildElements><ElementName>geometry</ElementName><required>true</required><Mesh z:Ref="i557"/></URDFElement><URDFElement z:Id="i559" i:type="Material"><Attributes><Attribute z:Id="i560"><AttributeType>name</AttributeType><IsRequired>true</IsRequired><Value i:type="a:string" xmlns:a="http://www.w3.org/2001/XMLSchema"/></Attribute></Attributes><ChildElements><URDFElement z:Id="i561" i:type="Color"><Attributes><Attribute z:Id="i562"><AttributeType>rgba</AttributeType><IsRequired>true</IsRequired><Value i:type="a:ArrayOfdouble" xmlns:a="http://schemas.microsoft.com/2003/10/Serialization/Arrays"><a:double>1</a:double><a:double>1</a:double><a:double>1</a:double><a:double>1</a:double></Value></Attribute></Attributes><ChildElements/><ElementName>color</ElementName><required>false</required><RGBAAttribute z:Ref="i562"/></URDFElement><URDFElement z:Id="i563" i:type="Texture"><Attributes><Attribute z:Id="i564"><AttributeType>filename</AttributeType><IsRequired>true</IsRequired><Value i:nil="true"/></Attribute></Attributes><ChildElements/><ElementName>texture</ElementName><required>false</required><FilenameAttribute z:Ref="i564"/><wFilename/></URDFElement></ChildElements><ElementName>material</ElementName><required>false</required><Color z:Ref="i561"/><NameAttribute z:Ref="i560"/><Texture z:Ref="i563"/></URDFElement></ChildElements><ElementName>visual</ElementName><required>false</required><Geometry z:Ref="i556"/><Material z:Ref="i559"/><Origin z:Ref="i553"/></URDFElement><URDFElement z:Id="i565" i:type="Collision"><Attributes/><ChildElements><URDFElement z:Id="i566" i:type="Origin"><Attributes><Attribute z:Id="i567"><AttributeType>xyz</AttributeType><IsRequired>true</IsRequired><Value i:type="a:ArrayOfdouble" xmlns:a="http://schemas.microsoft.com/2003/10/Serialization/Arrays"><a:double>0</a:double><a:double>0</a:double><a:double>0</a:double></Value></Attribute><Attribute z:Id="i568"><AttributeType>rpy</AttributeType><IsRequired>true</IsRequired><Value i:type="a:ArrayOfdouble" xmlns:a="http://schemas.microsoft.com/2003/10/Serialization/Arrays"><a:double>0</a:double><a:double>0</a:double><a:double>0</a:double></Value></Attribute></Attributes><ChildElements/><ElementName>origin</ElementName><required>false</required><RPYAttribute z:Ref="i568"/><XYZAttribute z:Ref="i567"/><isCustomized>false</isCustomized></URDFElement><URDFElement z:Id="i569" i:type="Geometry"><Attributes/><ChildElements><URDFElement z:Id="i570" i:type="Mesh"><Attributes><Attribute z:Id="i571"><AttributeType>filename</AttributeType><IsRequired>true</IsRequired><Value i:nil="true"/></Attribute></Attributes><ChildElements/><ElementName>mesh</ElementName><required>false</required><FilenameAttribute z:Ref="i571"/></URDFElement></ChildElements><ElementName>geometry</ElementName><required>true</required><Mesh z:Ref="i570"/></URDFElement></ChildElements><ElementName>collision</ElementName><required>false</required><Geometry z:Ref="i569"/><Origin z:Ref="i566"/></URDFElement><URDFElement z:Id="i572" i:type="Joint"><Attributes><Attribute z:Id="i573"><AttributeType>name</AttributeType><IsRequired>true</IsRequired><Value i:type="a:string" xmlns:a="http://www.w3.org/2001/XMLSchema">braizquierdo_Joint</Value></Attribute><Attribute z:Id="i574"><AttributeType>type</AttributeType><IsRequired>true</IsRequired><Value i:type="a:string" xmlns:a="http://www.w3.org/2001/XMLSchema">Automatically Detect</Value></Attribute></Attributes><ChildElements><URDFElement z:Id="i575" i:type="Origin"><Attributes><Attribute z:Id="i576"><AttributeType>xyz</AttributeType><IsRequired>true</IsRequired><Value i:type="a:ArrayOfdouble" xmlns:a="http://schemas.microsoft.com/2003/10/Serialization/Arrays"><a:double>0</a:double><a:double>0</a:double><a:double>0</a:double></Value></Attribute><Attribute z:Id="i577"><AttributeType>rpy</AttributeType><IsRequired>true</IsRequired><Value i:type="a:ArrayOfdouble" xmlns:a="http://schemas.microsoft.com/2003/10/Serialization/Arrays"><a:double>0</a:double><a:double>0</a:double><a:double>0</a:double></Value></Attribute></Attributes><ChildElements/><ElementName>origin</ElementName><required>false</required><RPYAttribute z:Ref="i577"/><XYZAttribute z:Ref="i576"/><isCustomized>false</isCustomized></URDFElement><URDFElement z:Id="i578" i:type="ParentLink"><Attributes><Attribute z:Id="i579"><AttributeType>link</AttributeType><IsRequired>true</IsRequired><Value i:type="a:string" xmlns:a="http://www.w3.org/2001/XMLSchema"/></Attribute></Attributes><ChildElements/><ElementName>parent</ElementName><required>true</required><NameAttribute z:Ref="i579"/></URDFElement><URDFElement z:Id="i580" i:type="ChildLink"><Attributes><Attribute z:Id="i581"><AttributeType>link</AttributeType><IsRequired>true</IsRequired><Value i:type="a:string" xmlns:a="http://www.w3.org/2001/XMLSchema"/></Attribute></Attributes><ChildElements/><ElementName>child</ElementName><required>true</required><NameAttribute z:Ref="i581"/></URDFElement><URDFElement z:Id="i582" i:type="Axis"><Attributes><Attribute z:Id="i583"><AttributeType>xyz</AttributeType><IsRequired>true</IsRequired><Value i:type="a:ArrayOfdouble" xmlns:a="http://schemas.microsoft.com/2003/10/Serialization/Arrays"><a:double>0</a:double><a:double>0</a:double><a:double>0</a:double></Value></Attribute></Attributes><ChildElements/><ElementName>axis</ElementName><required>false</required><XYZAttribute z:Ref="i583"/></URDFElement><URDFElement z:Id="i584" i:type="Limit"><Attributes><Attribute z:Id="i585"><AttributeType>lower</AttributeType><IsRequired>false</IsRequired><Value i:nil="true"/></Attribute><Attribute z:Id="i586"><AttributeType>upper</AttributeType><IsRequired>false</IsRequired><Value i:nil="true"/></Attribute><Attribute z:Id="i587"><AttributeType>effort</AttributeType><IsRequired>true</IsRequired><Value i:nil="true"/></Attribute><Attribute z:Id="i588"><AttributeType>velocity</AttributeType><IsRequired>true</IsRequired><Value i:nil="true"/></Attribute></Attributes><ChildElements/><ElementName>limit</ElementName><required>false</required><EffortAttribute z:Ref="i587"/><LowerAttribute z:Ref="i585"/><UpperAttribute z:Ref="i586"/><VelocityAttribute z:Ref="i588"/></URDFElement><URDFElement z:Id="i589" i:type="Calibration"><Attributes><Attribute z:Id="i590"><AttributeType>rising</AttributeType><IsRequired>false</IsRequired><Value i:nil="true"/></Attribute><Attribute z:Id="i591"><AttributeType>falling</AttributeType><IsRequired>false</IsRequired><Value i:nil="true"/></Attribute></Attributes><ChildElements/><ElementName>calibration</ElementName><required>false</required><FallingAttribute z:Ref="i591"/><RisingAttribute z:Ref="i590"/></URDFElement><URDFElement z:Id="i592" i:type="Dynamics"><Attributes><Attribute z:Id="i593"><AttributeType>damping</AttributeType><IsRequired>false</IsRequired><Value i:nil="true"/></Attribute><Attribute z:Id="i594"><AttributeType>friction</AttributeType><IsRequired>false</IsRequired><Value i:nil="true"/></Attribute></Attributes><ChildElements/><ElementName>dynamics</ElementName><required>false</required><DampingAttribute z:Ref="i593"/><FrictionAttribute z:Ref="i594"/></URDFElement><URDFElement z:Id="i595" i:type="SafetyController"><Attributes><Attribute z:Id="i596"><AttributeType>soft_upper_limit</AttributeType><IsRequired>false</IsRequired><Value i:nil="true"/></Attribute><Attribute z:Id="i597"><AttributeType>soft_lower_limit</AttributeType><IsRequired>false</IsRequired><Value i:nil="true"/></Attribute><Attribute z:Id="i598"><AttributeType>k_position</AttributeType><IsRequired>false</IsRequired><Value i:nil="true"/></Attribute><Attribute z:Id="i599"><AttributeType>k_velocity</AttributeType><IsRequired>true</IsRequired><Value i:nil="true"/></Attribute></Attributes><ChildElements/><ElementName>safety_controller</ElementName><required>false</required><KPositionAttribute z:Ref="i598"/><KVelocityAttribute z:Ref="i599"/><SoftLowerAttribute z:Ref="i597"/><SoftUpperAttribute z:Ref="i596"/></URDFElement><URDFElement z:Id="i600" i:type="Mimic"><Attributes><Attribute z:Id="i601"><AttributeType>joint</AttributeType><IsRequired>true</IsRequired><Value i:nil="true"/></Attribute><Attribute z:Id="i602"><AttributeType>multiplier</AttributeType><IsRequired>false</IsRequired><Value i:nil="true"/></Attribute><Attribute z:Id="i603"><AttributeType>offset</AttributeType><IsRequired>false</IsRequired><Value i:nil="true"/></Attribute></Attributes><ChildElements/><ElementName>mimic</ElementName><required>false</required><JointNameAttribute z:Ref="i601"/><MultiplierAttribute z:Ref="i602"/><OffsetAttribute z:Ref="i603"/></URDFElement></ChildElements><ElementName>joint</ElementName><required>false</required><Axis z:Ref="i582"/><AxisName>Automatically Generate</AxisName><Calibration z:Ref="i589"/><Child z:Ref="i580"/><CoordinateSystemName>Automatically Generate</CoordinateSystemName><Dynamics z:Ref="i592"/><Limit z:Ref="i584"/><Mimic z:Ref="i600"/><NameAttribute z:Ref="i573"/><Origin z:Ref="i575"/><Parent z:Ref="i578"/><Safety z:Ref="i595"/><TypeAttribute z:Ref="i574"/></URDFElement></ChildElements><ElementName>link</ElementName><required>true</required><Children/><Collision z:Ref="i565"/><Inertial z:Ref="i539"/><Joint z:Ref="i572"/><NameAttribute z:Ref="i538"/><Parent z:Ref="i202"/><STLQualityFine>false</STLQualityFine><SWComponentPIDs xmlns:a="http://schemas.microsoft.com/2003/10/Serialization/Arrays"><a:base64Binary>UEYAAAUAAAD//v9TQQBzAHMAZQBtAGIAbAB5ACAAMgAuADAAIAB1AHAAbABvAGEAZAAuAHMAdABwAC0AMQBAAEUAbgBzAGEAbQBiAGwAYQBqAGUAVQBSAEQARgBQAFIASQBNAE8ALwBnAHIAaQBwAHAAZQByAC4AcwB0AHAALQAyAEAAQQBzAHMAZQBtAGIAbAB5ACAAMgAuADAAIAB1AHAAbABvAGEAZAAuAHMAdABwAAQAAAAQAAAAAQAAAAIAAAAZAAAAGwAAAA==</a:base64Binary></SWComponentPIDs><SWMainComponentPID i:nil="true"/><Visual z:Ref="i552"/><isFixedFrame>false</isFixedFrame><isIncomplete>false</isIncomplete></Link><Link z:Id="i604"><Attributes><Attribute z:Id="i605"><AttributeType>name</AttributeType><IsRequired>true</IsRequired><Value i:type="a:string" xmlns:a="http://www.w3.org/2001/XMLSchema">sopoderecho_Link</Value></Attribute></Attributes><ChildElements><URDFElement z:Id="i606" i:type="Inertial"><Attributes/><ChildElements><URDFElement z:Id="i607" i:type="Origin"><Attributes><Attribute z:Id="i608"><AttributeType>xyz</AttributeType><IsRequired>true</IsRequired><Value i:type="a:ArrayOfdouble" xmlns:a="http://schemas.microsoft.com/2003/10/Serialization/Arrays"><a:double>0</a:double><a:double>0</a:double><a:double>0</a:double></Value></Attribute><Attribute z:Id="i609"><AttributeType>rpy</AttributeType><IsRequired>true</IsRequired><Value i:type="a:ArrayOfdouble" xmlns:a="http://schemas.microsoft.com/2003/10/Serialization/Arrays"><a:double>0</a:double><a:double>0</a:double><a:double>0</a:double></Value></Attribute></Attributes><ChildElements/><ElementName>origin</ElementName><required>false</required><RPYAttribute z:Ref="i609"/><XYZAttribute z:Ref="i608"/><isCustomized>false</isCustomized></URDFElement><URDFElement z:Id="i610" i:type="Mass"><Attributes><Attribute z:Id="i611"><AttributeType>value</AttributeType><IsRequired>true</IsRequired><Value i:type="a:double" xmlns:a="http://www.w3.org/2001/XMLSchema">0</Value></Attribute></Attributes><ChildElements/><ElementName>mass</ElementName><required>false</required><ValueAttribute z:Ref="i611"/></URDFElement><URDFElement z:Id="i612" i:type="Inertia"><Attributes><Attribute z:Id="i613"><AttributeType>ixx</AttributeType><IsRequired>true</IsRequired><Value i:type="a:double" xmlns:a="http://www.w3.org/2001/XMLSchema">0</Value></Attribute><Attribute z:Id="i614"><AttributeType>ixy</AttributeType><IsRequired>true</IsRequired><Value i:type="a:double" xmlns:a="http://www.w3.org/2001/XMLSchema">0</Value></Attribute><Attribute z:Id="i615"><AttributeType>ixz</AttributeType><IsRequired>true</IsRequired><Value i:type="a:double" xmlns:a="http://www.w3.org/2001/XMLSchema">0</Value></Attribute><Attribute z:Id="i616"><AttributeType>iyy</AttributeType><IsRequired>true</IsRequired><Value i:type="a:double" xmlns:a="http://www.w3.org/2001/XMLSchema">0</Value></Attribute><Attribute z:Id="i617"><AttributeType>iyz</AttributeType><IsRequired>true</IsRequired><Value i:type="a:double" xmlns:a="http://www.w3.org/2001/XMLSchema">0</Value></Attribute><Attribute z:Id="i618"><AttributeType>izz</AttributeType><IsRequired>true</IsRequired><Value i:type="a:double" xmlns:a="http://www.w3.org/2001/XMLSchema">0</Value></Attribute></Attributes><ChildElements/><ElementName>inertia</ElementName><required>false</required><IxxAttribute z:Ref="i613"/><IxyAttribute z:Ref="i614"/><IxzAttribute z:Ref="i615"/><IyyAttribute z:Ref="i616"/><IyzAttribute z:Ref="i617"/><IzzAttribute z:Ref="i618"/></URDFElement></ChildElements><ElementName>inertial</ElementName><required>false</required><Inertia z:Ref="i612"/><Mass z:Ref="i610"/><Origin z:Ref="i607"/></URDFElement><URDFElement z:Id="i619" i:type="Visual"><Attributes/><ChildElements><URDFElement z:Id="i620" i:type="Origin"><Attributes><Attribute z:Id="i621"><AttributeType>xyz</AttributeType><IsRequired>true</IsRequired><Value i:type="a:ArrayOfdouble" xmlns:a="http://schemas.microsoft.com/2003/10/Serialization/Arrays"><a:double>0</a:double><a:double>0</a:double><a:double>0</a:double></Value></Attribute><Attribute z:Id="i622"><AttributeType>rpy</AttributeType><IsRequired>true</IsRequired><Value i:type="a:ArrayOfdouble" xmlns:a="http://schemas.microsoft.com/2003/10/Serialization/Arrays"><a:double>0</a:double><a:double>0</a:double><a:double>0</a:double></Value></Attribute></Attributes><ChildElements/><ElementName>origin</ElementName><required>false</required><RPYAttribute z:Ref="i622"/><XYZAttribute z:Ref="i621"/><isCustomized>false</isCustomized></URDFElement><URDFElement z:Id="i623" i:type="Geometry"><Attributes/><ChildElements><URDFElement z:Id="i624" i:type="Mesh"><Attributes><Attribute z:Id="i625"><AttributeType>filename</AttributeType><IsRequired>true</IsRequired><Value i:nil="true"/></Attribute></Attributes><ChildElements/><ElementName>mesh</ElementName><required>false</required><FilenameAttribute z:Ref="i625"/></URDFElement></ChildElements><ElementName>geometry</ElementName><required>true</required><Mesh z:Ref="i624"/></URDFElement><URDFElement z:Id="i626" i:type="Material"><Attributes><Attribute z:Id="i627"><AttributeType>name</AttributeType><IsRequired>true</IsRequired><Value i:type="a:string" xmlns:a="http://www.w3.org/2001/XMLSchema"/></Attribute></Attributes><ChildElements><URDFElement z:Id="i628" i:type="Color"><Attributes><Attribute z:Id="i629"><AttributeType>rgba</AttributeType><IsRequired>true</IsRequired><Value i:type="a:ArrayOfdouble" xmlns:a="http://schemas.microsoft.com/2003/10/Serialization/Arrays"><a:double>1</a:double><a:double>1</a:double><a:double>1</a:double><a:double>1</a:double></Value></Attribute></Attributes><ChildElements/><ElementName>color</ElementName><required>false</required><RGBAAttribute z:Ref="i629"/></URDFElement><URDFElement z:Id="i630" i:type="Texture"><Attributes><Attribute z:Id="i631"><AttributeType>filename</AttributeType><IsRequired>true</IsRequired><Value i:nil="true"/></Attribute></Attributes><ChildElements/><ElementName>texture</ElementName><required>false</required><FilenameAttribute z:Ref="i631"/><wFilename/></URDFElement></ChildElements><ElementName>material</ElementName><required>false</required><Color z:Ref="i628"/><NameAttribute z:Ref="i627"/><Texture z:Ref="i630"/></URDFElement></ChildElements><ElementName>visual</ElementName><required>false</required><Geometry z:Ref="i623"/><Material z:Ref="i626"/><Origin z:Ref="i620"/></URDFElement><URDFElement z:Id="i632" i:type="Collision"><Attributes/><ChildElements><URDFElement z:Id="i633" i:type="Origin"><Attributes><Attribute z:Id="i634"><AttributeType>xyz</AttributeType><IsRequired>true</IsRequired><Value i:type="a:ArrayOfdouble" xmlns:a="http://schemas.microsoft.com/2003/10/Serialization/Arrays"><a:double>0</a:double><a:double>0</a:double><a:double>0</a:double></Value></Attribute><Attribute z:Id="i635"><AttributeType>rpy</AttributeType><IsRequired>true</IsRequired><Value i:type="a:ArrayOfdouble" xmlns:a="http://schemas.microsoft.com/2003/10/Serialization/Arrays"><a:double>0</a:double><a:double>0</a:double><a:double>0</a:double></Value></Attribute></Attributes><ChildElements/><ElementName>origin</ElementName><required>false</required><RPYAttribute z:Ref="i635"/><XYZAttribute z:Ref="i634"/><isCustomized>false</isCustomized></URDFElement><URDFElement z:Id="i636" i:type="Geometry"><Attributes/><ChildElements><URDFElement z:Id="i637" i:type="Mesh"><Attributes><Attribute z:Id="i638"><AttributeType>filename</AttributeType><IsRequired>true</IsRequired><Value i:nil="true"/></Attribute></Attributes><ChildElements/><ElementName>mesh</ElementName><required>false</required><FilenameAttribute z:Ref="i638"/></URDFElement></ChildElements><ElementName>geometry</ElementName><required>true</required><Mesh z:Ref="i637"/></URDFElement></ChildElements><ElementName>collision</ElementName><required>false</required><Geometry z:Ref="i636"/><Origin z:Ref="i633"/></URDFElement><URDFElement z:Id="i639" i:type="Joint"><Attributes><Attribute z:Id="i640"><AttributeType>name</AttributeType><IsRequired>true</IsRequired><Value i:type="a:string" xmlns:a="http://www.w3.org/2001/XMLSchema">sopoderecho_Joint</Value></Attribute><Attribute z:Id="i641"><AttributeType>type</AttributeType><IsRequired>true</IsRequired><Value i:type="a:string" xmlns:a="http://www.w3.org/2001/XMLSchema">Automatically Detect</Value></Attribute></Attributes><ChildElements><URDFElement z:Id="i642" i:type="Origin"><Attributes><Attribute z:Id="i643"><AttributeType>xyz</AttributeType><IsRequired>true</IsRequired><Value i:type="a:ArrayOfdouble" xmlns:a="http://schemas.microsoft.com/2003/10/Serialization/Arrays"><a:double>0</a:double><a:double>0</a:double><a:double>0</a:double></Value></Attribute><Attribute z:Id="i644"><AttributeType>rpy</AttributeType><IsRequired>true</IsRequired><Value i:type="a:ArrayOfdouble" xmlns:a="http://schemas.microsoft.com/2003/10/Serialization/Arrays"><a:double>0</a:double><a:double>0</a:double><a:double>0</a:double></Value></Attribute></Attributes><ChildElements/><ElementName>origin</ElementName><required>false</required><RPYAttribute z:Ref="i644"/><XYZAttribute z:Ref="i643"/><isCustomized>false</isCustomized></URDFElement><URDFElement z:Id="i645" i:type="ParentLink"><Attributes><Attribute z:Id="i646"><AttributeType>link</AttributeType><IsRequired>true</IsRequired><Value i:type="a:string" xmlns:a="http://www.w3.org/2001/XMLSchema"/></Attribute></Attributes><ChildElements/><ElementName>parent</ElementName><required>true</required><NameAttribute z:Ref="i646"/></URDFElement><URDFElement z:Id="i647" i:type="ChildLink"><Attributes><Attribute z:Id="i648"><AttributeType>link</AttributeType><IsRequired>true</IsRequired><Value i:type="a:string" xmlns:a="http://www.w3.org/2001/XMLSchema"/></Attribute></Attributes><ChildElements/><ElementName>child</ElementName><required>true</required><NameAttribute z:Ref="i648"/></URDFElement><URDFElement z:Id="i649" i:type="Axis"><Attributes><Attribute z:Id="i650"><AttributeType>xyz</AttributeType><IsRequired>true</IsRequired><Value i:type="a:ArrayOfdouble" xmlns:a="http://schemas.microsoft.com/2003/10/Serialization/Arrays"><a:double>0</a:double><a:double>0</a:double><a:double>0</a:double></Value></Attribute></Attributes><ChildElements/><ElementName>axis</ElementName><required>false</required><XYZAttribute z:Ref="i650"/></URDFElement><URDFElement z:Id="i651" i:type="Limit"><Attributes><Attribute z:Id="i652"><AttributeType>lower</AttributeType><IsRequired>false</IsRequired><Value i:nil="true"/></Attribute><Attribute z:Id="i653"><AttributeType>upper</AttributeType><IsRequired>false</IsRequired><Value i:nil="true"/></Attribute><Attribute z:Id="i654"><AttributeType>effort</AttributeType><IsRequired>true</IsRequired><Value i:nil="true"/></Attribute><Attribute z:Id="i655"><AttributeType>velocity</AttributeType><IsRequired>true</IsRequired><Value i:nil="true"/></Attribute></Attributes><ChildElements/><ElementName>limit</ElementName><required>false</required><EffortAttribute z:Ref="i654"/><LowerAttribute z:Ref="i652"/><UpperAttribute z:Ref="i653"/><VelocityAttribute z:Ref="i655"/></URDFElement><URDFElement z:Id="i656" i:type="Calibration"><Attributes><Attribute z:Id="i657"><AttributeType>rising</AttributeType><IsRequired>false</IsRequired><Value i:nil="true"/></Attribute><Attribute z:Id="i658"><AttributeType>falling</AttributeType><IsRequired>false</IsRequired><Value i:nil="true"/></Attribute></Attributes><ChildElements/><ElementName>calibration</ElementName><required>false</required><FallingAttribute z:Ref="i658"/><RisingAttribute z:Ref="i657"/></URDFElement><URDFElement z:Id="i659" i:type="Dynamics"><Attributes><Attribute z:Id="i660"><AttributeType>damping</AttributeType><IsRequired>false</IsRequired><Value i:nil="true"/></Attribute><Attribute z:Id="i661"><AttributeType>friction</AttributeType><IsRequired>false</IsRequired><Value i:nil="true"/></Attribute></Attributes><ChildElements/><ElementName>dynamics</ElementName><required>false</required><DampingAttribute z:Ref="i660"/><FrictionAttribute z:Ref="i661"/></URDFElement><URDFElement z:Id="i662" i:type="SafetyController"><Attributes><Attribute z:Id="i663"><AttributeType>soft_upper_limit</AttributeType><IsRequired>false</IsRequired><Value i:nil="true"/></Attribute><Attribute z:Id="i664"><AttributeType>soft_lower_limit</AttributeType><IsRequired>false</IsRequired><Value i:nil="true"/></Attribute><Attribute z:Id="i665"><AttributeType>k_position</AttributeType><IsRequired>false</IsRequired><Value i:nil="true"/></Attribute><Attribute z:Id="i666"><AttributeType>k_velocity</AttributeType><IsRequired>true</IsRequired><Value i:nil="true"/></Attribute></Attributes><ChildElements/><ElementName>safety_controller</ElementName><required>false</required><KPositionAttribute z:Ref="i665"/><KVelocityAttribute z:Ref="i666"/><SoftLowerAttribute z:Ref="i664"/><SoftUpperAttribute z:Ref="i663"/></URDFElement><URDFElement z:Id="i667" i:type="Mimic"><Attributes><Attribute z:Id="i668"><AttributeType>joint</AttributeType><IsRequired>true</IsRequired><Value i:nil="true"/></Attribute><Attribute z:Id="i669"><AttributeType>multiplier</AttributeType><IsRequired>false</IsRequired><Value i:nil="true"/></Attribute><Attribute z:Id="i670"><AttributeType>offset</AttributeType><IsRequired>false</IsRequired><Value i:nil="true"/></Attribute></Attributes><ChildElements/><ElementName>mimic</ElementName><required>false</required><JointNameAttribute z:Ref="i668"/><MultiplierAttribute z:Ref="i669"/><OffsetAttribute z:Ref="i670"/></URDFElement></ChildElements><ElementName>joint</ElementName><required>false</required><Axis z:Ref="i649"/><AxisName>Automatically Generate</AxisName><Calibration z:Ref="i656"/><Child z:Ref="i647"/><CoordinateSystemName>Automatically Generate</CoordinateSystemName><Dynamics z:Ref="i659"/><Limit z:Ref="i651"/><Mimic z:Ref="i667"/><NameAttribute z:Ref="i640"/><Origin z:Ref="i642"/><Parent z:Ref="i645"/><Safety z:Ref="i662"/><TypeAttribute z:Ref="i641"/></URDFElement></ChildElements><ElementName>link</ElementName><required>true</required><Children/><Collision z:Ref="i632"/><Inertial z:Ref="i606"/><Joint z:Ref="i639"/><NameAttribute z:Ref="i605"/><Parent z:Ref="i202"/><STLQualityFine>false</STLQualityFine><SWComponentPIDs xmlns:a="http://schemas.microsoft.com/2003/10/Serialization/Arrays"><a:base64Binary>UEYAAAUAAAD//v9QQQBzAHMAZQBtAGIAbAB5ACAAMgAuADAAIAB1AHAAbABvAGEAZAAuAHMAdABwAC0AMQBAAEUAbgBzAGEAbQBiAGwAYQBqAGUAVQBSAEQARgBQAFIASQBNAE8ALwB0AHUAYQBzAC4AcwB0AHAALQAxAEAAQQBzAHMAZQBtAGIAbAB5ACAAMgAuADAAIAB1AHAAbABvAGEAZAAuAHMAdABwAAQAAAAQAAAAAQAAAAIAAAAZAAAAGgAAAA==</a:base64Binary></SWComponentPIDs><SWMainComponentPID i:nil="true"/><Visual z:Ref="i619"/><isFixedFrame>false</isFixedFrame><isIncomplete>false</isIncomplete></Link><Link z:Id="i671"><Attributes><Attribute z:Id="i672"><AttributeType>name</AttributeType><IsRequired>true</IsRequired><Value i:type="a:string" xmlns:a="http://www.w3.org/2001/XMLSchema">sopoizquierdo_Link</Value></Attribute></Attributes><ChildElements><URDFElement z:Id="i673" i:type="Inertial"><Attributes/><ChildElements><URDFElement z:Id="i674" i:type="Origin"><Attributes><Attribute z:Id="i675"><AttributeType>xyz</AttributeType><IsRequired>true</IsRequired><Value i:type="a:ArrayOfdouble" xmlns:a="http://schemas.microsoft.com/2003/10/Serialization/Arrays"><a:double>0</a:double><a:double>0</a:double><a:double>0</a:double></Value></Attribute><Attribute z:Id="i676"><AttributeType>rpy</AttributeType><IsRequired>true</IsRequired><Value i:type="a:ArrayOfdouble" xmlns:a="http://schemas.microsoft.com/2003/10/Serialization/Arrays"><a:double>0</a:double><a:double>0</a:double><a:double>0</a:double></Value></Attribute></Attributes><ChildElements/><ElementName>origin</ElementName><required>false</required><RPYAttribute z:Ref="i676"/><XYZAttribute z:Ref="i675"/><isCustomized>false</isCustomized></URDFElement><URDFElement z:Id="i677" i:type="Mass"><Attributes><Attribute z:Id="i678"><AttributeType>value</AttributeType><IsRequired>true</IsRequired><Value i:type="a:double" xmlns:a="http://www.w3.org/2001/XMLSchema">0</Value></Attribute></Attributes><ChildElements/><ElementName>mass</ElementName><required>false</required><ValueAttribute z:Ref="i678"/></URDFElement><URDFElement z:Id="i679" i:type="Inertia"><Attributes><Attribute z:Id="i680"><AttributeType>ixx</AttributeType><IsRequired>true</IsRequired><Value i:type="a:double" xmlns:a="http://www.w3.org/2001/XMLSchema">0</Value></Attribute><Attribute z:Id="i681"><AttributeType>ixy</AttributeType><IsRequired>true</IsRequired><Value i:type="a:double" xmlns:a="http://www.w3.org/2001/XMLSchema">0</Value></Attribute><Attribute z:Id="i682"><AttributeType>ixz</AttributeType><IsRequired>true</IsRequired><Value i:type="a:double" xmlns:a="http://www.w3.org/2001/XMLSchema">0</Value></Attribute><Attribute z:Id="i683"><AttributeType>iyy</AttributeType><IsRequired>true</IsRequired><Value i:type="a:double" xmlns:a="http://www.w3.org/2001/XMLSchema">0</Value></Attribute><Attribute z:Id="i684"><AttributeType>iyz</AttributeType><IsRequired>true</IsRequired><Value i:type="a:double" xmlns:a="http://www.w3.org/2001/XMLSchema">0</Value></Attribute><Attribute z:Id="i685"><AttributeType>izz</AttributeType><IsRequired>true</IsRequired><Value i:type="a:double" xmlns:a="http://www.w3.org/2001/XMLSchema">0</Value></Attribute></Attributes><ChildElements/><ElementName>inertia</ElementName><required>false</required><IxxAttribute z:Ref="i680"/><IxyAttribute z:Ref="i681"/><IxzAttribute z:Ref="i682"/><IyyAttribute z:Ref="i683"/><IyzAttribute z:Ref="i684"/><IzzAttribute z:Ref="i685"/></URDFElement></ChildElements><ElementName>inertial</ElementName><required>false</required><Inertia z:Ref="i679"/><Mass z:Ref="i677"/><Origin z:Ref="i674"/></URDFElement><URDFElement z:Id="i686" i:type="Visual"><Attributes/><ChildElements><URDFElement z:Id="i687" i:type="Origin"><Attributes><Attribute z:Id="i688"><AttributeType>xyz</AttributeType><IsRequired>true</IsRequired><Value i:type="a:ArrayOfdouble" xmlns:a="http://schemas.microsoft.com/2003/10/Serialization/Arrays"><a:double>0</a:double><a:double>0</a:double><a:double>0</a:double></Value></Attribute><Attribute z:Id="i689"><AttributeType>rpy</AttributeType><IsRequired>true</IsRequired><Value i:type="a:ArrayOfdouble" xmlns:a="http://schemas.microsoft.com/2003/10/Serialization/Arrays"><a:double>0</a:double><a:double>0</a:double><a:double>0</a:double></Value></Attribute></Attributes><ChildElements/><ElementName>origin</ElementName><required>false</required><RPYAttribute z:Ref="i689"/><XYZAttribute z:Ref="i688"/><isCustomized>false</isCustomized></URDFElement><URDFElement z:Id="i690" i:type="Geometry"><Attributes/><ChildElements><URDFElement z:Id="i691" i:type="Mesh"><Attributes><Attribute z:Id="i692"><AttributeType>filename</AttributeType><IsRequired>true</IsRequired><Value i:nil="true"/></Attribute></Attributes><ChildElements/><ElementName>mesh</ElementName><required>false</required><FilenameAttribute z:Ref="i692"/></URDFElement></ChildElements><ElementName>geometry</ElementName><required>true</required><Mesh z:Ref="i691"/></URDFElement><URDFElement z:Id="i693" i:type="Material"><Attributes><Attribute z:Id="i694"><AttributeType>name</AttributeType><IsRequired>true</IsRequired><Value i:type="a:string" xmlns:a="http://www.w3.org/2001/XMLSchema"/></Attribute></Attributes><ChildElements><URDFElement z:Id="i695" i:type="Color"><Attributes><Attribute z:Id="i696"><AttributeType>rgba</AttributeType><IsRequired>true</IsRequired><Value i:type="a:ArrayOfdouble" xmlns:a="http://schemas.microsoft.com/2003/10/Serialization/Arrays"><a:double>1</a:double><a:double>1</a:double><a:double>1</a:double><a:double>1</a:double></Value></Attribute></Attributes><ChildElements/><ElementName>color</ElementName><required>false</required><RGBAAttribute z:Ref="i696"/></URDFElement><URDFElement z:Id="i697" i:type="Texture"><Attributes><Attribute z:Id="i698"><AttributeType>filename</AttributeType><IsRequired>true</IsRequired><Value i:nil="true"/></Attribute></Attributes><ChildElements/><ElementName>texture</ElementName><required>false</required><FilenameAttribute z:Ref="i698"/><wFilename/></URDFElement></ChildElements><ElementName>material</ElementName><required>false</required><Color z:Ref="i695"/><NameAttribute z:Ref="i694"/><Texture z:Ref="i697"/></URDFElement></ChildElements><ElementName>visual</ElementName><required>false</required><Geometry z:Ref="i690"/><Material z:Ref="i693"/><Origin z:Ref="i687"/></URDFElement><URDFElement z:Id="i699" i:type="Collision"><Attributes/><ChildElements><URDFElement z:Id="i700" i:type="Origin"><Attributes><Attribute z:Id="i701"><AttributeType>xyz</AttributeType><IsRequired>true</IsRequired><Value i:type="a:ArrayOfdouble" xmlns:a="http://schemas.microsoft.com/2003/10/Serialization/Arrays"><a:double>0</a:double><a:double>0</a:double><a:double>0</a:double></Value></Attribute><Attribute z:Id="i702"><AttributeType>rpy</AttributeType><IsRequired>true</IsRequired><Value i:type="a:ArrayOfdouble" xmlns:a="http://schemas.microsoft.com/2003/10/Serialization/Arrays"><a:double>0</a:double><a:double>0</a:double><a:double>0</a:double></Value></Attribute></Attributes><ChildElements/><ElementName>origin</ElementName><required>false</required><RPYAttribute z:Ref="i702"/><XYZAttribute z:Ref="i701"/><isCustomized>false</isCustomized></URDFElement><URDFElement z:Id="i703" i:type="Geometry"><Attributes/><ChildElements><URDFElement z:Id="i704" i:type="Mesh"><Attributes><Attribute z:Id="i705"><AttributeType>filename</AttributeType><IsRequired>true</IsRequired><Value i:nil="true"/></Attribute></Attributes><ChildElements/><ElementName>mesh</ElementName><required>false</required><FilenameAttribute z:Ref="i705"/></URDFElement></ChildElements><ElementName>geometry</ElementName><required>true</required><Mesh z:Ref="i704"/></URDFElement></ChildElements><ElementName>collision</ElementName><required>false</required><Geometry z:Ref="i703"/><Origin z:Ref="i700"/></URDFElement><URDFElement z:Id="i706" i:type="Joint"><Attributes><Attribute z:Id="i707"><AttributeType>name</AttributeType><IsRequired>true</IsRequired><Value i:type="a:string" xmlns:a="http://www.w3.org/2001/XMLSchema">sopoizquierdo_Joint</Value></Attribute><Attribute z:Id="i708"><AttributeType>type</AttributeType><IsRequired>true</IsRequired><Value i:type="a:string" xmlns:a="http://www.w3.org/2001/XMLSchema">Automatically Detect</Value></Attribute></Attributes><ChildElements><URDFElement z:Id="i709" i:type="Origin"><Attributes><Attribute z:Id="i710"><AttributeType>xyz</AttributeType><IsRequired>true</IsRequired><Value i:type="a:ArrayOfdouble" xmlns:a="http://schemas.microsoft.com/2003/10/Serialization/Arrays"><a:double>0</a:double><a:double>0</a:double><a:double>0</a:double></Value></Attribute><Attribute z:Id="i711"><AttributeType>rpy</AttributeType><IsRequired>true</IsRequired><Value i:type="a:ArrayOfdouble" xmlns:a="http://schemas.microsoft.com/2003/10/Serialization/Arrays"><a:double>0</a:double><a:double>0</a:double><a:double>0</a:double></Value></Attribute></Attributes><ChildElements/><ElementName>origin</ElementName><required>false</required><RPYAttribute z:Ref="i711"/><XYZAttribute z:Ref="i710"/><isCustomized>false</isCustomized></URDFElement><URDFElement z:Id="i712" i:type="ParentLink"><Attributes><Attribute z:Id="i713"><AttributeType>link</AttributeType><IsRequired>true</IsRequired><Value i:type="a:string" xmlns:a="http://www.w3.org/2001/XMLSchema"/></Attribute></Attributes><ChildElements/><ElementName>parent</ElementName><required>true</required><NameAttribute z:Ref="i713"/></URDFElement><URDFElement z:Id="i714" i:type="ChildLink"><Attributes><Attribute z:Id="i715"><AttributeType>link</AttributeType><IsRequired>true</IsRequired><Value i:type="a:string" xmlns:a="http://www.w3.org/2001/XMLSchema"/></Attribute></Attributes><ChildElements/><ElementName>child</ElementName><required>true</required><NameAttribute z:Ref="i715"/></URDFElement><URDFElement z:Id="i716" i:type="Axis"><Attributes><Attribute z:Id="i717"><AttributeType>xyz</AttributeType><IsRequired>true</IsRequired><Value i:type="a:ArrayOfdouble" xmlns:a="http://schemas.microsoft.com/2003/10/Serialization/Arrays"><a:double>0</a:double><a:double>0</a:double><a:double>0</a:double></Value></Attribute></Attributes><ChildElements/><ElementName>axis</ElementName><required>false</required><XYZAttribute z:Ref="i717"/></URDFElement><URDFElement z:Id="i718" i:type="Limit"><Attributes><Attribute z:Id="i719"><AttributeType>lower</AttributeType><IsRequired>false</IsRequired><Value i:nil="true"/></Attribute><Attribute z:Id="i720"><AttributeType>upper</AttributeType><IsRequired>false</IsRequired><Value i:nil="true"/></Attribute><Attribute z:Id="i721"><AttributeType>effort</AttributeType><IsRequired>true</IsRequired><Value i:nil="true"/></Attribute><Attribute z:Id="i722"><AttributeType>velocity</AttributeType><IsRequired>true</IsRequired><Value i:nil="true"/></Attribute></Attributes><ChildElements/><ElementName>limit</ElementName><required>false</required><EffortAttribute z:Ref="i721"/><LowerAttribute z:Ref="i719"/><UpperAttribute z:Ref="i720"/><VelocityAttribute z:Ref="i722"/></URDFElement><URDFElement z:Id="i723" i:type="Calibration"><Attributes><Attribute z:Id="i724"><AttributeType>rising</AttributeType><IsRequired>false</IsRequired><Value i:nil="true"/></Attribute><Attribute z:Id="i725"><AttributeType>falling</AttributeType><IsRequired>false</IsRequired><Value i:nil="true"/></Attribute></Attributes><ChildElements/><ElementName>calibration</ElementName><required>false</required><FallingAttribute z:Ref="i725"/><RisingAttribute z:Ref="i724"/></URDFElement><URDFElement z:Id="i726" i:type="Dynamics"><Attributes><Attribute z:Id="i727"><AttributeType>damping</AttributeType><IsRequired>false</IsRequired><Value i:nil="true"/></Attribute><Attribute z:Id="i728"><AttributeType>friction</AttributeType><IsRequired>false</IsRequired><Value i:nil="true"/></Attribute></Attributes><ChildElements/><ElementName>dynamics</ElementName><required>false</required><DampingAttribute z:Ref="i727"/><FrictionAttribute z:Ref="i728"/></URDFElement><URDFElement z:Id="i729" i:type="SafetyController"><Attributes><Attribute z:Id="i730"><AttributeType>soft_upper_limit</AttributeType><IsRequired>false</IsRequired><Value i:nil="true"/></Attribute><Attribute z:Id="i731"><AttributeType>soft_lower_limit</AttributeType><IsRequired>false</IsRequired><Value i:nil="true"/></Attribute><Attribute z:Id="i732"><AttributeType>k_position</AttributeType><IsRequired>false</IsRequired><Value i:nil="true"/></Attribute><Attribute z:Id="i733"><AttributeType>k_velocity</AttributeType><IsRequired>true</IsRequired><Value i:nil="true"/></Attribute></Attributes><ChildElements/><ElementName>safety_controller</ElementName><required>false</required><KPositionAttribute z:Ref="i732"/><KVelocityAttribute z:Ref="i733"/><SoftLowerAttribute z:Ref="i731"/><SoftUpperAttribute z:Ref="i730"/></URDFElement><URDFElement z:Id="i734" i:type="Mimic"><Attributes><Attribute z:Id="i735"><AttributeType>joint</AttributeType><IsRequired>true</IsRequired><Value i:nil="true"/></Attribute><Attribute z:Id="i736"><AttributeType>multiplier</AttributeType><IsRequired>false</IsRequired><Value i:nil="true"/></Attribute><Attribute z:Id="i737"><AttributeType>offset</AttributeType><IsRequired>false</IsRequired><Value i:nil="true"/></Attribute></Attributes><ChildElements/><ElementName>mimic</ElementName><required>false</required><JointNameAttribute z:Ref="i735"/><MultiplierAttribute z:Ref="i736"/><OffsetAttribute z:Ref="i737"/></URDFElement></ChildElements><ElementName>joint</ElementName><required>false</required><Axis z:Ref="i716"/><AxisName>Automatically Generate</AxisName><Calibration z:Ref="i723"/><Child z:Ref="i714"/><CoordinateSystemName>Automatically Generate</CoordinateSystemName><Dynamics z:Ref="i726"/><Limit z:Ref="i718"/><Mimic z:Ref="i734"/><NameAttribute z:Ref="i707"/><Origin z:Ref="i709"/><Parent z:Ref="i712"/><Safety z:Ref="i729"/><TypeAttribute z:Ref="i708"/></URDFElement></ChildElements><ElementName>link</ElementName><required>true</required><Children/><Collision z:Ref="i699"/><Inertial z:Ref="i673"/><Joint z:Ref="i706"/><NameAttribute z:Ref="i672"/><Parent z:Ref="i202"/><STLQualityFine>false</STLQualityFine><SWComponentPIDs xmlns:a="http://schemas.microsoft.com/2003/10/Serialization/Arrays"><a:base64Binary>UEYAAAUAAAD//v9QQQBzAHMAZQBtAGIAbAB5ACAAMgAuADAAIAB1AHAAbABvAGEAZAAuAHMAdABwAC0AMQBAAEUAbgBzAGEAbQBiAGwAYQBqAGUAVQBSAEQARgBQAFIASQBNAE8ALwB0AHUAYQBzAC4AcwB0AHAALQAyAEAAQQBzAHMAZQBtAGIAbAB5ACAAMgAuADAAIAB1AHAAbABvAGEAZAAuAHMAdABwAAQAAAAQAAAAAQAAAAIAAAAZAAAAHAAAAA==</a:base64Binary></SWComponentPIDs><SWMainComponentPID i:nil="true"/><Visual z:Ref="i686"/><isFixedFrame>false</isFixedFrame><isIncomplete>false</isIncomplete></Link></Children><Collision z:Ref="i230"/><Inertial z:Ref="i204"/><Joint z:Ref="i237"/><NameAttribute z:Ref="i203"/><Parent z:Ref="i1"/><STLQualityFine>false</STLQualityFine><SWComponentPIDs xmlns:a="http://schemas.microsoft.com/2003/10/Serialization/Arrays"><a:base64Binary>UEYAAAUAAAD//v9VRQBOAFMAQQBNAEIATABBAEoARQBCAFIAQQBaAE8ARgBJAE4AQQBMAFMATABEAEEAUwBNAC0AMQBAAEUAbgBzAGEAbQBiAGwAYQBqAGUAVQBSAEQARgBQAFIASQBNAE8ALwBCAHIAYQB6AG8AMwAzAC0AMQBAAEUATgBTAEEATQBCAEwAQQBKAEUAQgBSAEEAWgBPAEYASQBOAEEATABTAEwARABBAFMATQAEAAAAEAAAAAEAAAACAAAAGAAAAKoBAAA=</a:base64Binary></SWComponentPIDs><SWMainComponentPID i:nil="true"/><Visual z:Ref="i217"/><isFixedFrame>false</isFixedFrame><isIncomplete>false</isIncomplete></Link></Children><Collision z:Ref="i29"/><Inertial z:Ref="i3"/><Joint z:Ref="i36"/><NameAttribute z:Ref="i2"/><Parent i:nil="true"/><STLQualityFine>false</STLQualityFine><SWComponentPIDs xmlns:a="http://schemas.microsoft.com/2003/10/Serialization/Arrays"><a:base64Binary>UEYAAAUAAAD//v9SRQBOAFMAQQBNAEIATABBAEoARQBCAFIAQQBaAE8ARgBJAE4AQQBMAFMATABEAEEAUwBNAC0AMQBAAEUAbgBzAGEAbQBiAGwAYQBqAGUAVQBSAEQARgBQAFIASQBNAE8ALwBCAEEAUwBFAC0AMQBAAEUATgBTAEEATQBCAEwAQQBKAEUAQgBSAEEAWgBPAEYASQBOAEEATABTAEwARABBAFMATQAEAAAAEAAAAAEAAAACAAAAGAAAABgAAAA=</a:base64Binary><a:base64Binary>UEYAAAUAAAD//v9URQBOAFMAQQBNAEIATABBAEoARQBCAFIAQQBaAE8ARgBJAE4AQQBMAFMATABEAEEAUwBNAC0AMQBAAEUAbgBzAGEAbQBiAGwAYQBqAGUAVQBSAEQARgBQAFIASQBNAE8ALwBCAFIAQQBaAE8AMQAtADEAQABFAE4AUwBBAE0AQgBMAEEASgBFAEIAUgBBAFoATwBGAEkATgBBAEwAUwBMAEQAQQBTAE0ABAAAABAAAAABAAAAAgAAABgAAAA1AAAA</a:base64Binary><a:base64Binary>UEYAAAUAAAD//v9URQBOAFMAQQBNAEIATABBAEoARQBCAFIAQQBaAE8ARgBJAE4AQQBMAFMATABEAEEAUwBNAC0AMQBAAEUAbgBzAGEAbQBiAGwAYQBqAGUAVQBSAEQARgBQAFIASQBNAE8ALwBCAHIAYQB6AG8AMgAtADIAQABFAE4AUwBBAE0AQgBMAEEASgBFAEIAUgBBAFoATwBGAEkATgBBAEwAUwBMAEQAQQBTAE0ABAAAABAAAAABAAAAAgAAABgAAAAPAQAA</a:base64Binary><a:base64Binary>UEYAAAUAAAD//v9VRQBOAFMAQQBNAEIATABBAEoARQBCAFIAQQBaAE8ARgBJAE4AQQBMAFMATABEAEEAUwBNAC0AMQBAAEUAbgBzAGEAbQBiAGwAYQBqAGUAVQBSAEQARgBQAFIASQBNAE8ALwBCAHIAYQB6AG8AMwAzAC0AMQBAAEUATgBTAEEATQBCAEwAQQBKAEUAQgBSAEEAWgBPAEYASQBOAEEATABTAEwARABBAFMATQAEAAAAEAAAAAEAAAACAAAAGAAAAKoBAAA=</a:base64Binary></SWComponentPIDs><SWMainComponentPID i:nil="true"/><Visual z:Ref="i16"/><isFixedFrame>false</isFixedFrame><isIncomplete>false</isIncomplete></Link>
2026-08-19 23:19:35,373 INFO  AssemblyExportForm.cs: 309 - Saving URDF package to C:\Users\Jorge\Documents\Robotica\EnsamblajeURDFPRIMO
2026-08-19 23:19:35,377 INFO  ExportHelper.cs: 147 - Beginning the export process
2026-08-19 23:19:35,380 INFO  ExportHelper.cs: 153 - Creating package directories with name EnsamblajeURDFPRIMO and save path C:\Users\Jorge\Documents\Robotica
2026-08-19 23:19:37,328 INFO  ExportHelper.cs: 162 - Creating CMakeLists.txt at C:\Users\Jorge\Documents\Robotica\EnsamblajeURDFPRIMO\CMakeLists.txt
2026-08-19 23:19:37,330 INFO  ExportHelper.cs: 166 - Creating joint names config at C:\Users\Jorge\Documents\Robotica\EnsamblajeURDFPRIMO\config\joint_names_EnsamblajeURDFPRIMO.yaml
2026-08-19 23:19:37,331 INFO  ExportHelper.cs: 170 - Creating package.xml at C:\Users\Jorge\Documents\Robotica\EnsamblajeURDFPRIMO\package.xml
2026-08-19 23:19:37,334 INFO  PackageXMLWriter.cs: 21 - Creating package.xml at C:\Users\Jorge\Documents\Robotica\EnsamblajeURDFPRIMO\package.xml
2026-08-19 23:19:37,339 INFO  ExportHelper.cs: 177 - Creating RVIZ launch file in C:\Users\Jorge\Documents\Robotica\EnsamblajeURDFPRIMO\launch\
2026-08-19 23:19:37,343 INFO  ExportHelper.cs: 182 - Creating Gazebo launch file in C:\Users\Jorge\Documents\Robotica\EnsamblajeURDFPRIMO\launch\
2026-08-19 23:19:37,346 INFO  ExportHelper.cs: 187 - Saving existing STL preferences
2026-08-19 23:19:37,347 INFO  ExportHelper.cs: 450 - Saving users preferences
2026-08-19 23:19:37,349 INFO  ExportHelper.cs: 190 - Modifying STL preferences
2026-08-19 23:19:37,350 INFO  ExportHelper.cs: 464 - Setting STL preferences
2026-08-19 23:19:37,362 INFO  ExportHelper.cs: 196 - Found 0 hidden components 
2026-08-19 23:19:37,363 INFO  ExportHelper.cs: 197 - Hiding all components
2026-08-19 23:19:37,555 INFO  ExportHelper.cs: 204 - Beginning individual files export
2026-08-19 23:19:37,558 INFO  ExportHelper.cs: 270 - Exporting link: base_link
2026-08-19 23:19:37,559 INFO  ExportHelper.cs: 272 - Link base_link has 3 children
2026-08-19 23:19:37,560 INFO  ExportHelper.cs: 270 - Exporting link: Eje_Principal_link
2026-08-19 23:19:37,561 INFO  ExportHelper.cs: 272 - Link Eje_Principal_link has 0 children
2026-08-19 23:19:37,564 INFO  ExportHelper.cs: 317 - Eje_Principal_link: Exporting STL with coordinate frame Origin_Eje_Principal_joint
2026-08-19 23:19:37,565 INFO  ExportHelper.cs: 322 - Eje_Principal_link: Reference geometry name 
2026-08-19 23:19:38,127 INFO  ExportHelper.cs: 330 - Saving STL to C:\Users\Jorge\Documents\Robotica\EnsamblajeURDFPRIMO\meshes\Eje_Principal_link.STL
2026-08-19 23:19:38,522 INFO  ExportHelper.cs: 405 - Removing SW header in STL file
2026-08-19 23:19:38,525 INFO  ExportHelper.cs: 270 - Exporting link: Eje_largo_link
2026-08-19 23:19:38,526 INFO  ExportHelper.cs: 272 - Link Eje_largo_link has 0 children
2026-08-19 23:19:38,526 INFO  ExportHelper.cs: 317 - Eje_largo_link: Exporting STL with coordinate frame Origin_Eje_largo_link
2026-08-19 23:19:38,527 INFO  ExportHelper.cs: 322 - Eje_largo_link: Reference geometry name 
2026-08-19 23:19:38,560 INFO  ExportHelper.cs: 330 - Saving STL to C:\Users\Jorge\Documents\Robotica\EnsamblajeURDFPRIMO\meshes\Eje_largo_link.STL
2026-08-19 23:19:38,650 INFO  ExportHelper.cs: 405 - Removing SW header in STL file
2026-08-19 23:19:38,651 INFO  ExportHelper.cs: 270 - Exporting link: Eje_final_link
2026-08-19 23:19:38,653 INFO  ExportHelper.cs: 272 - Link Eje_final_link has 7 children
2026-08-19 23:19:38,654 INFO  ExportHelper.cs: 270 - Exporting link: Gripper_Link
2026-08-19 23:19:38,655 INFO  ExportHelper.cs: 272 - Link Gripper_Link has 0 children
2026-08-19 23:19:38,655 INFO  ExportHelper.cs: 317 - Gripper_Link: Exporting STL with coordinate frame Origin_Gripper_Joint
2026-08-19 23:19:38,656 INFO  ExportHelper.cs: 322 - Gripper_Link: Reference geometry name 
2026-08-19 23:19:38,837 INFO  ExportHelper.cs: 330 - Saving STL to C:\Users\Jorge\Documents\Robotica\EnsamblajeURDFPRIMO\meshes\Gripper_Link.STL
2026-08-19 23:19:38,911 INFO  ExportHelper.cs: 405 - Removing SW header in STL file
2026-08-19 23:19:38,913 INFO  ExportHelper.cs: 270 - Exporting link: Engraderecho_Link
2026-08-19 23:19:38,914 INFO  ExportHelper.cs: 272 - Link Engraderecho_Link has 0 children
2026-08-19 23:19:38,914 INFO  ExportHelper.cs: 317 - Engraderecho_Link: Exporting STL with coordinate frame Origin_Engraderecho_joint
2026-08-19 23:19:38,915 INFO  ExportHelper.cs: 322 - Engraderecho_Link: Reference geometry name 
2026-08-19 23:19:38,942 INFO  ExportHelper.cs: 330 - Saving STL to C:\Users\Jorge\Documents\Robotica\EnsamblajeURDFPRIMO\meshes\Engraderecho_Link.STL
2026-08-19 23:19:39,025 INFO  ExportHelper.cs: 405 - Removing SW header in STL file
2026-08-19 23:19:39,027 INFO  ExportHelper.cs: 270 - Exporting link: Engraizquierdo_Link
2026-08-19 23:19:39,028 INFO  ExportHelper.cs: 272 - Link Engraizquierdo_Link has 0 children
2026-08-19 23:19:39,029 INFO  ExportHelper.cs: 317 - Engraizquierdo_Link: Exporting STL with coordinate frame Origin_Engraizquierdo_joint
2026-08-19 23:19:39,029 INFO  ExportHelper.cs: 322 - Engraizquierdo_Link: Reference geometry name 
2026-08-19 23:19:39,056 INFO  ExportHelper.cs: 330 - Saving STL to C:\Users\Jorge\Documents\Robotica\EnsamblajeURDFPRIMO\meshes\Engraizquierdo_Link.STL
2026-08-19 23:19:39,145 INFO  ExportHelper.cs: 405 - Removing SW header in STL file
2026-08-19 23:19:39,147 INFO  ExportHelper.cs: 270 - Exporting link: braerecho_Link
2026-08-19 23:19:39,147 INFO  ExportHelper.cs: 272 - Link braerecho_Link has 0 children
2026-08-19 23:19:39,148 INFO  ExportHelper.cs: 317 - braerecho_Link: Exporting STL with coordinate frame Origin_braerecho_joint
2026-08-19 23:19:39,148 INFO  ExportHelper.cs: 322 - braerecho_Link: Reference geometry name 
2026-08-19 23:19:39,176 INFO  ExportHelper.cs: 330 - Saving STL to C:\Users\Jorge\Documents\Robotica\EnsamblajeURDFPRIMO\meshes\braerecho_Link.STL
2026-08-19 23:19:39,250 INFO  ExportHelper.cs: 405 - Removing SW header in STL file
2026-08-19 23:19:39,252 INFO  ExportHelper.cs: 270 - Exporting link: braizquierdo_Link
2026-08-19 23:19:39,253 INFO  ExportHelper.cs: 272 - Link braizquierdo_Link has 0 children
2026-08-19 23:19:39,254 INFO  ExportHelper.cs: 317 - braizquierdo_Link: Exporting STL with coordinate frame Origin_braizquierdo_Joint
2026-08-19 23:19:39,254 INFO  ExportHelper.cs: 322 - braizquierdo_Link: Reference geometry name 
2026-08-19 23:19:39,282 INFO  ExportHelper.cs: 330 - Saving STL to C:\Users\Jorge\Documents\Robotica\EnsamblajeURDFPRIMO\meshes\braizquierdo_Link.STL
2026-08-19 23:19:39,360 INFO  ExportHelper.cs: 405 - Removing SW header in STL file
2026-08-19 23:19:39,362 INFO  ExportHelper.cs: 270 - Exporting link: sopoderecho_Link
2026-08-19 23:19:39,363 INFO  ExportHelper.cs: 272 - Link sopoderecho_Link has 0 children
2026-08-19 23:19:39,364 INFO  ExportHelper.cs: 317 - sopoderecho_Link: Exporting STL with coordinate frame Origin_sopoderecho_Joint
2026-08-19 23:19:39,364 INFO  ExportHelper.cs: 322 - sopoderecho_Link: Reference geometry name 
2026-08-19 23:19:39,391 INFO  ExportHelper.cs: 330 - Saving STL to C:\Users\Jorge\Documents\Robotica\EnsamblajeURDFPRIMO\meshes\sopoderecho_Link.STL
2026-08-19 23:19:39,462 INFO  ExportHelper.cs: 405 - Removing SW header in STL file
2026-08-19 23:19:39,464 INFO  ExportHelper.cs: 270 - Exporting link: sopoizquierdo_Link
2026-08-19 23:19:39,465 INFO  ExportHelper.cs: 272 - Link sopoizquierdo_Link has 0 children
2026-08-19 23:19:39,465 INFO  ExportHelper.cs: 317 - sopoizquierdo_Link: Exporting STL with coordinate frame Origin_sopoizquierdo_Joint
2026-08-19 23:19:39,466 INFO  ExportHelper.cs: 322 - sopoizquierdo_Link: Reference geometry name 
2026-08-19 23:19:39,494 INFO  ExportHelper.cs: 330 - Saving STL to C:\Users\Jorge\Documents\Robotica\EnsamblajeURDFPRIMO\meshes\sopoizquierdo_Link.STL
2026-08-19 23:19:39,567 INFO  ExportHelper.cs: 405 - Removing SW header in STL file
2026-08-19 23:19:39,568 INFO  ExportHelper.cs: 317 - Eje_final_link: Exporting STL with coordinate frame Origin_Eje_final_joint
2026-08-19 23:19:39,569 INFO  ExportHelper.cs: 322 - Eje_final_link: Reference geometry name 
2026-08-19 23:19:39,601 INFO  ExportHelper.cs: 330 - Saving STL to C:\Users\Jorge\Documents\Robotica\EnsamblajeURDFPRIMO\meshes\Eje_final_link.STL
2026-08-19 23:19:39,687 INFO  ExportHelper.cs: 405 - Removing SW header in STL file
2026-08-19 23:19:39,690 INFO  ExportHelper.cs: 317 - base_link: Exporting STL with coordinate frame Origin_global
2026-08-19 23:19:39,691 INFO  ExportHelper.cs: 322 - base_link: Reference geometry name 
2026-08-19 23:19:39,743 INFO  ExportHelper.cs: 330 - Saving STL to C:\Users\Jorge\Documents\Robotica\EnsamblajeURDFPRIMO\meshes\base_link.STL
2026-08-19 23:19:39,925 INFO  ExportHelper.cs: 405 - Removing SW header in STL file
2026-08-19 23:19:39,926 INFO  ExportHelper.cs: 145 - Showing all components except previously hidden components
2026-08-19 23:19:42,395 INFO  ExportHelper.cs: 145 - Resetting STL preferences
2026-08-19 23:19:42,396 INFO  ExportHelper.cs: 478 - Returning STL preferences to user preferences
2026-08-19 23:19:42,397 INFO  ExportHelper.cs: 228 - Writing URDF file to C:\Users\Jorge\Documents\Robotica\EnsamblajeURDFPRIMO\urdf\EnsamblajeURDFPRIMO.urdf
2026-08-19 23:19:42,423 INFO  CSVImportExport.cs: 32 - Writing CSV file C:\Users\Jorge\Documents\Robotica\EnsamblajeURDFPRIMO\urdf\EnsamblajeURDFPRIMO.csv
2026-08-19 23:19:42,464 ERROR CSVImportExport.cs: 130 - The following columns were not written to the CSV: Link.Joint.ChildLink.link,
2026-08-19 23:19:42,465 ERROR CSVImportExport.cs: 130 - The following columns were not written to the CSV: Link.Joint.ChildLink.link,
2026-08-19 23:19:42,466 ERROR CSVImportExport.cs: 130 - The following columns were not written to the CSV: Link.Joint.ChildLink.link,
2026-08-19 23:19:42,467 ERROR CSVImportExport.cs: 130 - The following columns were not written to the CSV: Link.Joint.ChildLink.link,
2026-08-19 23:19:42,467 ERROR CSVImportExport.cs: 130 - The following columns were not written to the CSV: Link.Joint.ChildLink.link,
2026-08-19 23:19:42,467 ERROR CSVImportExport.cs: 130 - The following columns were not written to the CSV: Link.Joint.ChildLink.link,
2026-08-19 23:19:42,469 ERROR CSVImportExport.cs: 130 - The following columns were not written to the CSV: Link.Joint.ChildLink.link,
2026-08-19 23:19:42,469 ERROR CSVImportExport.cs: 130 - The following columns were not written to the CSV: Link.Joint.ChildLink.link,
2026-08-19 23:19:42,470 ERROR CSVImportExport.cs: 130 - The following columns were not written to the CSV: Link.Joint.ChildLink.link,
2026-08-19 23:19:42,471 ERROR CSVImportExport.cs: 130 - The following columns were not written to the CSV: Link.Joint.ChildLink.link,
2026-08-19 23:19:42,471 ERROR CSVImportExport.cs: 130 - The following columns were not written to the CSV: Link.Joint.ChildLink.link,
2026-08-19 23:19:42,472 INFO  ExportHelper.cs: 234 - Copying log file
2026-08-19 23:19:42,477 INFO  ExportHelper.cs: 439 - Copying C:\Users\Jorge\sw2urdf_logs\sw2urdf.log to C:\Users\Jorge\Documents\Robotica\EnsamblajeURDFPRIMO\export.log
